gene,source
AAK1,CellAge
ABCB1,CellAge
ABCC6,CellAge
ABI3,CellAge
ABI3BP,CellAge
ACER2,CellAge
ACKR1,CellAge
ACLY,CellAge
ADCK5,CellAge
AGO2,CellAge
AGR2,CellAge
AGT,CellAge
AHR,CellAge
AKAP4,CellAge
AKR1B1,CellAge
AKT1,CellAge
AKT1S1,CellAge
AKT3,CellAge
AKTIP,CellAge
ALDH2,CellAge
ALDOA,CellAge
ALKBH3,CellAge
ALOX15B,CellAge
ANAPC1,CellAge
ANLN,CellAge
ANXA5,CellAge
APEX1,CellAge
AR,CellAge
ARF1,CellAge
ARG2,CellAge
ARID1A,CellAge
ARID1B,CellAge
ARID3A,CellAge
ARID4B,CellAge
ARPC1B,CellAge
ARRB1,CellAge
ASAH1,CellAge
ASF1A,CellAge
ASPH,CellAge
ASXL2,CellAge
ATF3,CellAge
ATF6,CellAge
ATF7IP,CellAge
ATG10,CellAge
ATG12,CellAge
ATG16L1,CellAge
ATG4D,CellAge
ATG5,CellAge
ATG7,CellAge
ATM,CellAge
ATP6V0A2,CellAge
ATP6V0C,CellAge
ATR,CellAge
ATRAID,CellAge
ATRX,CellAge
ATXN10,CellAge
AURKA,CellAge
AURKB,CellAge
AXL,CellAge
BAG3,CellAge
BAP1,CellAge
BAZ1A,CellAge
BCL11B,CellAge
BCL2,CellAge
BCL2L1,CellAge
BCL2L2,CellAge
BCL3,CellAge
BCL6,CellAge
BCLAF1,CellAge
BECN1,CellAge
BHLHE40,CellAge
BIN1,CellAge
BIRC5,CellAge
BLK,CellAge
BLVRA,CellAge
BMI1,CellAge
BMP4,CellAge
BMPR2,CellAge
BMS1,CellAge
BNIP3L,CellAge
BRAF,CellAge
BRCA1,CellAge
BRD4,CellAge
BRD7,CellAge
BRIP1,CellAge
BTG1,CellAge
BTG2,CellAge
BTG3,CellAge
BUB1,CellAge
BUB1B,CellAge
CALR,CellAge
CAPNS1,CellAge
CARF,CellAge
CARM1,CellAge
CASP2,CellAge
CAV1,CellAge
CAVIN1,CellAge
CBS,CellAge
CBX5,CellAge
CBX7,CellAge
CBX8,CellAge
CCL2,CellAge
CCN2,CellAge
CCN6,CellAge
CCNA2,CellAge
CCNB1,CellAge
CCND1,CellAge
CCND3,CellAge
CD28,CellAge
CD34,CellAge
CD40LG,CellAge
CD82,CellAge
CDC25A,CellAge
CDC45,CellAge
CDC6,CellAge
CDC7,CellAge
CDCA2,CellAge
CDCA4,CellAge
CDH1,CellAge
CDK1,CellAge
CDK18,CellAge
CDK2,CellAge
CDK2AP1,CellAge
CDK4,CellAge
CDK5,CellAge
CDK5R1,CellAge
CDK6,CellAge
CDKN1A,CellAge
CDKN1B,CellAge
CDKN1C,CellAge
CDKN2A,CellAge
CDKN2AIP,CellAge
CDKN2B,CellAge
CEACAM1,CellAge
CEBPB,CellAge
CEBPG,CellAge
CENPA,CellAge
CHAF1B,CellAge
CHD5,CellAge
CHEK1,CellAge
CHEK2,CellAge
CHUK,CellAge
CIP2A,CellAge
CIT,CellAge
CKAP2,CellAge
CKB,CellAge
CLCA2,CellAge
CLPP,CellAge
CLSPN,CellAge
CLU,CellAge
CNOT6,CellAge
CNOT6L,CellAge
COX5B,CellAge
CPEB1,CellAge
CPT1C,CellAge
CREG1,CellAge
CRISPLD2,CellAge
CSNK1A1,CellAge
CSNK2A1,CellAge
CTH,CellAge
CTNNAL1,CellAge
CTNNB1,CellAge
CTSB,CellAge
CTSD,CellAge
CUL4B,CellAge
CUX1,CellAge
CXCL1,CellAge
CXCR2,CellAge
CYB5R3,CellAge
CYBB,CellAge
CYP26A1,CellAge
DAO,CellAge
DDAH2,CellAge
DDB1,CellAge
DDB2,CellAge
DDIT4,CellAge
DEK,CellAge
DEPTOR,CellAge
DGCR8,CellAge
DHCR24,CellAge
DHRS2,CellAge
DHX9,CellAge
DICER1,CellAge
DIDO1,CellAge
DIRAS3,CellAge
DKC1,CellAge
DLC1,CellAge
DMTF1,CellAge
DNMT1,CellAge
DNMT3A,CellAge
DNMT3B,CellAge
DOT1L,CellAge
DPP4,CellAge
DPY30,CellAge
DTL,CellAge
DUSP1,CellAge
DUSP16,CellAge
DUSP21,CellAge
DUSP3,CellAge
DUSP6,CellAge
DYRK1A,CellAge
E2F1,CellAge
E2F3,CellAge
E2F7,CellAge
ECT2,CellAge
EEF1E1,CellAge
EGFR,CellAge
EGLN1,CellAge
EGR2,CellAge
EHF,CellAge
EHMT2,CellAge
EID3,CellAge
EIF2AK2,CellAge
EIF2AK3,CellAge
EIF4E,CellAge
EIF4EBP1,CellAge
EIF4G2,CellAge
ELAVL1,CellAge
ELOA,CellAge
ENDOG,CellAge
ENG,CellAge
ENO1,CellAge
ENTPD7,CellAge
EP300,CellAge
EPAS1,CellAge
EPHA3,CellAge
EPHA5,CellAge
EPOR,CellAge
ERBB2,CellAge
ERCC1,CellAge
ERRFI1,CellAge
ERVW-1,CellAge
ESPL1,CellAge
ESR1,CellAge
ESRRB,CellAge
ETS1,CellAge
ETS2,CellAge
ETV6,CellAge
EWSR1,CellAge
EZH2,CellAge
FANCD2,CellAge
FASN,CellAge
FASTK,CellAge
FBXO22,CellAge
FBXO31,CellAge
FBXO4,CellAge
FBXO5,CellAge
FBXW11,CellAge
FDPS,CellAge
FERMT1,CellAge
FERMT2,CellAge
FGF21,CellAge
FGFR1,CellAge
FGFR2,CellAge
FGFR3,CellAge
FIS1,CellAge
FLT1,CellAge
FNTB,CellAge
FOS,CellAge
FOXA1,CellAge
FOXD1,CellAge
FOXM1,CellAge
FOXO1,CellAge
FOXO3,CellAge
FOXO4,CellAge
FOXP1,CellAge
FOXP3,CellAge
FOXQ1,CellAge
FSCN1,CellAge
FXN,CellAge
FXR1,CellAge
G6PD,CellAge
GADD45G,CellAge
GAPDH,CellAge
GATA4,CellAge
GDF15,CellAge
GEMIN2,CellAge
GGCT,CellAge
GJA1,CellAge
GKN1,CellAge
GLI1,CellAge
GMNN,CellAge
GMPS,CellAge
GNG11,CellAge
GNMT,CellAge
GPC3,CellAge
GRIK2,CellAge
GRK4,CellAge
GRK6,CellAge
GRN,CellAge
GRPR,CellAge
GRSF1,CellAge
GSK3A,CellAge
GSK3B,CellAge
GTSE1,CellAge
HAS1,CellAge
HAUS4,CellAge
HBP1,CellAge
HDAC1,CellAge
HDAC2,CellAge
HDAC3,CellAge
HDAC4,CellAge
HDAC7,CellAge
HELLS,CellAge
HEPACAM,CellAge
HIF1A,CellAge
HIPK2,CellAge
HIRA,CellAge
HIVEP1,CellAge
HJURP,CellAge
HK3,CellAge
HMGA1,CellAge
HMGA2,CellAge
HMGB1,CellAge
HMGB2,CellAge
HMGB3,CellAge
HMGCR,CellAge
HNRNPA1,CellAge
HNRNPA3,CellAge
HNRNPAB,CellAge
HNRNPC,CellAge
HNRNPD,CellAge
HOPX,CellAge
HOXA9,CellAge
HRAS,CellAge
HS2ST1,CellAge
HSF1,CellAge
HSP90AA1,CellAge
HSP90AB1,CellAge
HSPA1A,CellAge
HSPA2,CellAge
HSPA5,CellAge
HSPA9,CellAge
HSPB1,CellAge
HTRA1,CellAge
HYOU1,CellAge
ID1,CellAge
IFI16,CellAge
IFNG,CellAge
IGFBP1,CellAge
IGFBP3,CellAge
IGFBP5,CellAge
IGFBP7,CellAge
IKBKG,CellAge
IL1A,CellAge
IL1R1,CellAge
IL1RN,CellAge
IL24,CellAge
IL6,CellAge
ILF3,CellAge
ILK,CellAge
IMMT,CellAge
INCENP,CellAge
ING1,CellAge
ING2,CellAge
ING5,CellAge
INPP4B,CellAge
IRAK4,CellAge
IRF1,CellAge
IRF3,CellAge
IRF5,CellAge
IRF7,CellAge
ITGB3,CellAge
ITGB4,CellAge
ITPK1,CellAge
ITPKB,CellAge
ITPR1,CellAge
ITPR2,CellAge
ITPR3,CellAge
ITSN2,CellAge
JAK2,CellAge
JPT1,CellAge
JUN,CellAge
JUNB,CellAge
KAT5,CellAge
KCNA1,CellAge
KCNJ12,CellAge
KDM1A,CellAge
KDM2B,CellAge
KDM4A,CellAge
KDM4C,CellAge
KDM5B,CellAge
KDM6B,CellAge
KDR,CellAge
KEAP1,CellAge
KIF11,CellAge
KIF20A,CellAge
KIF2C,CellAge
KIFC1,CellAge
KL,CellAge
KLF4,CellAge
KNDC1,CellAge
KRT19,CellAge
KSR2,CellAge
LAMP2,CellAge
LATS1,CellAge
LATS2,CellAge
LAYN,CellAge
LBR,CellAge
LCN2,CellAge
LEO1,CellAge
LGALS3,CellAge
LIMA1,CellAge
LIMK1,CellAge
LIN52,CellAge
LIN54,CellAge
LIN9,CellAge
LMNA,CellAge
LMNB1,CellAge
LNCTAM34A,CellAge
LOX,CellAge
LOXL2,CellAge
LPAR1,CellAge
LPAR3,CellAge
LRRK2,CellAge
LY6D,CellAge
MAD1L1,CellAge
MAD2L1,CellAge
MAEL,CellAge
MAF,CellAge
MAGEA2,CellAge
MAGOHB,CellAge
MAP2K1,CellAge
MAP2K2,CellAge
MAP2K3,CellAge
MAP2K6,CellAge
MAP2K7,CellAge
MAP3K14,CellAge
MAP3K5,CellAge
MAP3K6,CellAge
MAP3K7,CellAge
MAP4K1,CellAge
MAPK1,CellAge
MAPK12,CellAge
MAPK14,CellAge
MAPK9,CellAge
MAPKAPK5,CellAge
MARCHF5,CellAge
MARCKS,CellAge
MAST1,CellAge
MATK,CellAge
MAVS,CellAge
MCAM,CellAge
MCL1,CellAge
MCM3AP,CellAge
MCM7,CellAge
MCRS1,CellAge
MCU,CellAge
MDC1,CellAge
MDH1,CellAge
MDK,CellAge
MDM2,CellAge
MDP1,CellAge
ME1,CellAge
ME2,CellAge
MECP2,CellAge
MED12,CellAge
MEF2A,CellAge
MEIS2,CellAge
MEN1,CellAge
MEOX1,CellAge
MET,CellAge
METTL14,CellAge
MIF,CellAge
MINK1,CellAge
MITF,CellAge
MKRN1,CellAge
MME,CellAge
MMP7,CellAge
MMP9,CellAge
MNX1,CellAge
MOB3A,CellAge
MORC3,CellAge
MORF4L1,CellAge
MOS,CellAge
MRTFA,CellAge
MRTFB,CellAge
MSN,CellAge
MST1,CellAge
MT1G,CellAge
MTDH,CellAge
MTHFD2,CellAge
MTOR,CellAge
MUC4,CellAge
MUS81,CellAge
MVK,CellAge
MVP,CellAge
MXD4,CellAge
MYBBP1A,CellAge
MYBL2,CellAge
MYC,CellAge
MYCN,CellAge
MYD88,CellAge
MYLK,CellAge
NACC1,CellAge
NADK,CellAge
NAMPT,CellAge
NANOG,CellAge
NBN,CellAge
NBR1,CellAge
NCAPG2,CellAge
NCAPH2,CellAge
NDRG1,CellAge
NDST2,CellAge
NEDD4,CellAge
NEK1,CellAge
NEK2,CellAge
NEK4,CellAge
NEK6,CellAge
NEK9,CellAge
NF1,CellAge
NF2,CellAge
NFE2L2,CellAge
NFKB2,CellAge
NFKBIA,CellAge
NHEJ1,CellAge
NINJ1,CellAge
NIPA2,CellAge
NLK,CellAge
NLRX1,CellAge
NOLC1,CellAge
NOTCH1,CellAge
NOTCH3,CellAge
NOX1,CellAge
NOX4,CellAge
NPM1,CellAge
NQO1,CellAge
NR1H2,CellAge
NR2E1,CellAge
NRAS,CellAge
NRF1,CellAge
NRSN2,CellAge
NSUN2,CellAge
NTN4,CellAge
NUAK1,CellAge
NUAK2,CellAge
NUDT5,CellAge
NUTF2,CellAge
OGG1,CellAge
OGT,CellAge
OPA1,CellAge
ORAI1,CellAge
ORC1,CellAge
OTX2,CellAge
OXTR,CellAge
P2RY14,CellAge
P3H1,CellAge
PAK2,CellAge
PAK4,CellAge
PAPSS2,CellAge
PARK7,CellAge
PARP1,CellAge
PATZ1,CellAge
PAX8,CellAge
PBRM1,CellAge
PCGF2,CellAge
PDCD10,CellAge
PDCD11,CellAge
PDCD4,CellAge
PDGFB,CellAge
PDIK1L,CellAge
PDPK1,CellAge
PDZD2,CellAge
PEA15,CellAge
PEBP1,CellAge
PELP1,CellAge
PES1,CellAge
PEX19,CellAge
PGR,CellAge
PHB,CellAge
PHB2,CellAge
PHGDH,CellAge
PI4KB,CellAge
PIK3C2A,CellAge
PIK3CA,CellAge
PIK3R5,CellAge
PIM1,CellAge
PIN1,CellAge
PINK1,CellAge
PINX1,CellAge
PIR,CellAge
PITX1,CellAge
PLA2G2A,CellAge
PLA2R1,CellAge
PLD2,CellAge
PLK1,CellAge
PML,CellAge
PMVK,CellAge
PNPT1,CellAge
PON1,CellAge
POT1,CellAge
POU3F1,CellAge
POU5F1,CellAge
PPARG,CellAge
PPARGC1A,CellAge
PPIB,CellAge
PPM1B,CellAge
PPM1D,CellAge
PPP1R13B,CellAge
PPP2R1A,CellAge
PPP2R5A,CellAge
PRKAA2,CellAge
PRKCD,CellAge
PRKCH,CellAge
PRKD1,CellAge
PRKD2,CellAge
PRKDC,CellAge
PRKN,CellAge
PRMT1,CellAge
PRMT6,CellAge
PRODH,CellAge
PROX1,CellAge
PRPF19,CellAge
PSMA2,CellAge
PSMA5,CellAge
PSMB1,CellAge
PSMB5,CellAge
PSMD14,CellAge
PTEN,CellAge
PTGS2,CellAge
PTK2,CellAge
PTPN1,CellAge
PTPN6,CellAge
PTTG1,CellAge
PURB,CellAge
PYGL,CellAge
RACGAP1,CellAge
RACK1,CellAge
RAD21,CellAge
RAD23B,CellAge
RAD51C,CellAge
RAF1,CellAge
RAN,CellAge
RANBP9,CellAge
RAP1GAP,CellAge
RAPGEF4,CellAge
RARB,CellAge
RASSF1,CellAge
RASSF4,CellAge
RASSF5,CellAge
RB1,CellAge
RBBP4,CellAge
RBL1,CellAge
RBL2,CellAge
RBM38,CellAge
RBM39,CellAge
RBP1,CellAge
RBP2,CellAge
RBPJ,CellAge
RBX1,CellAge
RCC1,CellAge
RECK,CellAge
RECQL4,CellAge
RELA,CellAge
RELB,CellAge
RHOA,CellAge
RNASEH2A,CellAge
RNASEH2B,CellAge
RNASEL,CellAge
ROMO1,CellAge
RPL11,CellAge
RPS14,CellAge
RPS6KB1,CellAge
RPS9,CellAge
RPTOR,CellAge
RRAD,CellAge
RRAS2,CellAge
RRM1,CellAge
RRM2,CellAge
RRM2B,CellAge
RRP8,CellAge
RTN4,CellAge
RUNX1,CellAge
RUVBL2,CellAge
S100A6,CellAge
SALL1,CellAge
SAMHD1,CellAge
SAT2,CellAge
SDC1,CellAge
SELENBP1,CellAge
SELENOH,CellAge
SENP1,CellAge
SENP7,CellAge
SERPINB2,CellAge
SERPINE1,CellAge
SETD1A,CellAge
SFN,CellAge
SFRP1,CellAge
SGK1,CellAge
SIAH1,CellAge
SIK1,CellAge
SIN3B,CellAge
SIRT1,CellAge
SIRT2,CellAge
SIRT3,CellAge
SIRT6,CellAge
SIRT7,CellAge
SIX1,CellAge
SIX6,CellAge
SKP2,CellAge
SLC13A3,CellAge
SLC16A7,CellAge
SLC25A5,CellAge
SLC31A2,CellAge
SLC52A1,CellAge
SLC5A2,CellAge
SMAD1,CellAge
SMAD2,CellAge
SMAD3,CellAge
SMAD5,CellAge
SMAD6,CellAge
SMARCA2,CellAge
SMARCA4,CellAge
SMARCB1,CellAge
SMARCD1,CellAge
SMC1A,CellAge
SMC2,CellAge
SMG1,CellAge
SMURF2,CellAge
SNAI1,CellAge
SOCS1,CellAge
SOD1,CellAge
SOD2,CellAge
SORBS2,CellAge
SOX1,CellAge
SOX2,CellAge
SOX4,CellAge
SOX5,CellAge
SP1,CellAge
SPAG9,CellAge
SPARC,CellAge
SPHK1,CellAge
SPI1,CellAge
SPIN1,CellAge
SPOP,CellAge
SRC,CellAge
SREBF1,CellAge
SRF,CellAge
SRSF1,CellAge
SRSF2,CellAge
SRSF3,CellAge
SSX2,CellAge
STAG2,CellAge
STAT1,CellAge
STAT3,CellAge
STAT5A,CellAge
STAT5B,CellAge
STAT6,CellAge
STIM1,CellAge
STK32C,CellAge
STK4,CellAge
STK40,CellAge
STN1,CellAge
STUB1,CellAge
SUMO2,CellAge
SUMO3,CellAge
SUPT5H,CellAge
SUV39H1,CellAge
SUZ12,CellAge
SYK,CellAge
SYT1,CellAge
SYT7,CellAge
TACC3,CellAge
TAGLN,CellAge
TBK1,CellAge
TBPL1,CellAge
TBX2,CellAge
TBX3,CellAge
TEAD1,CellAge
TEAD4,CellAge
TERF2,CellAge
TERT,CellAge
TFDP1,CellAge
TFG,CellAge
TGFB1I1,CellAge
TGFB2,CellAge
TGFBI,CellAge
TGFBR1,CellAge
TGFBR2,CellAge
THRB,CellAge
TIGAR,CellAge
TIMELESS,CellAge
TLR10,CellAge
TLR2,CellAge
TLR3,CellAge
TLR4,CellAge
TLR8,CellAge
TMEM9B,CellAge
TNFSF13,CellAge
TNFSF15,CellAge
TOM1,CellAge
TOP1,CellAge
TOP3A,CellAge
TOPBP1,CellAge
TP53,CellAge
TP53BP1,CellAge
TP53BP2,CellAge
TP53I3,CellAge
TP53INP1,CellAge
TP63,CellAge
TPP1,CellAge
TPR,CellAge
TPX2,CellAge
TRA2B,CellAge
TRDMT1,CellAge
TRIM28,CellAge
TRPM7,CellAge
TRPM8,CellAge
TRRAP,CellAge
TSC22D1,CellAge
TTK,CellAge
TWIST1,CellAge
TWIST2,CellAge
TXN,CellAge
TXNIP,CellAge
TYK2,CellAge
TYMS,CellAge
UBE2C,CellAge
UBE2I,CellAge
UBE2N,CellAge
UBE2V1,CellAge
UBE2V2,CellAge
UBE3A,CellAge
UBTD1,CellAge
UHRF1,CellAge
ULK3,CellAge
USP1,CellAge
USP28,CellAge
UTP6,CellAge
VCAN,CellAge
VDR,CellAge
VEGFA,CellAge
VENTX,CellAge
WEE1,CellAge
WIF1,CellAge
WIPI1,CellAge
WNT16,CellAge
WNT2,CellAge
WNT5A,CellAge
WNT7B,CellAge
WRN,CellAge
WSB1,CellAge
WT1,CellAge
WWP1,CellAge
XAF1,CellAge
XIAP,CellAge
XPC,CellAge
XPO1,CellAge
YAP1,CellAge
YBX1,CellAge
YEATS4,CellAge
YPEL3,CellAge
YWHAB,CellAge
YWHAZ,CellAge
YY1,CellAge
ZCCHC10,CellAge
ZDHHC3,CellAge
ZEB1,CellAge
ZFP36,CellAge
ZFX,CellAge
ZMAT3,CellAge
ZMPSTE24,CellAge
ZMYND11,CellAge
ZNF148,CellAge
ZNF207,CellAge
ZNF217,CellAge
