gene,confidence_level,lifespan_extending,lifespan_reducing,lifespan_effect,criteria_count
GHR,highest,True,False,PRO,6
GHRH,high,True,False,PRO,6
SHC1,high,True,True,ANTI,2
POU1F1,high,True,False,PRO,2
PROP1,high,True,False,PRO,3
TP53,moderate,True,True,PRO,9
TERC,low,False,True,ANTI,5
TERT,highest,True,False,PRO,7
ATM,low,False,True,ANTI,5
PLAU,high,True,False,PRO,2
ERCC2,low,False,True,ANTI,5
ERCC8,low,False,False,UNKNOWN,3
WRN,low,False,False,UNKNOWN,4
LMNA,low,False,True,ANTI,6
IGF1R,highest,True,True,PRO,8
TXN,highest,True,True,PRO,8
KL,highest,True,True,PRO,7
E2F1,moderate,True,False,PRO,4
PTPN11,lowest,False,False,UNKNOWN,1
NFKB2,lowest,False,False,UNKNOWN,1
STAT5B,low,False,True,ANTI,3
STAT3,low,False,False,UNKNOWN,3
STAT5A,lowest,False,False,UNKNOWN,1
NRG1,low,False,False,UNKNOWN,4
HDAC3,low,False,False,UNKNOWN,4
GH1,highest,True,True,MIXED,8
IL7R,lowest,False,False,UNKNOWN,1
IGF1,high,True,True,PRO,7
IGF2,moderate,True,False,PRO,3
INS,moderate,True,False,PRO,3
NGF,low,False,False,UNKNOWN,4
IRS1,high,True,True,PRO,7
PTPN1,low,False,True,ANTI,5
IRS2,highest,True,True,PRO,8
AKT1,highest,True,True,PRO,8
PIK3CB,moderate,True,True,PRO,2
NGFR,low,False,False,UNKNOWN,3
HRAS,low,False,True,ANTI,4
MYC,high,True,True,PRO,4
EGFR,low,False,False,UNKNOWN,5
ERBB2,low,False,True,ANTI,3
INSR,highest,True,True,PRO,7
NBN,low,False,False,UNKNOWN,4
JUND,low,False,True,ANTI,5
IL2,low,False,True,ANTI,2
PDGFB,lowest,False,False,UNKNOWN,3
FOS,low,False,True,ANTI,3
PDGFRB,low,False,False,UNKNOWN,3
EPOR,lowest,False,False,UNKNOWN,1
SST,lowest,False,False,UNKNOWN,1
PRKCD,low,False,False,UNKNOWN,4
PPARA,low,False,True,ANTI,5
RET,lowest,False,False,UNKNOWN,3
PLCG2,lowest,False,False,UNKNOWN,1
PEX5,moderate,True,False,PRO,3
TCF3,moderate,True,False,PRO,5
PARP1,low,False,True,ANTI,7
BRCA1,low,False,True,ANTI,5
PIN1,lowest,False,False,UNKNOWN,2
PTEN,highest,True,True,ANTI,9
CREBBP,low,False,True,ANTI,3
HIF1A,moderate,True,False,PRO,5
RPA1,moderate,True,False,PRO,4
BLM,low,False,True,ANTI,4
BCL2,lowest,False,False,UNKNOWN,2
S100B,lowest,False,False,UNKNOWN,3
VCP,moderate,True,False,PRO,2
POLG,low,False,True,ANTI,4
IGFBP3,low,False,False,UNKNOWN,3
HSP90AA1,lowest,False,False,UNKNOWN,2
NR3C1,low,False,True,ANTI,4
EGR1,moderate,True,False,UNKNOWN,5
VEGFA,highest,True,False,PRO,7
BRCA2,lowest,False,False,UNKNOWN,2
TOP2B,lowest,False,False,UNKNOWN,2
NFKB1,low,False,True,ANTI,4
TOP1,lowest,False,False,UNKNOWN,1
RAD51,lowest,False,True,ANTI,4
TNF,low,False,False,UNKNOWN,5
CEBPA,lowest,False,False,UNKNOWN,2
CEBPB,high,True,False,PRO,5
MXI1,lowest,False,False,UNKNOWN,2
TGFB1,moderate,True,True,PRO,5
ERCC6,lowest,False,False,UNKNOWN,3
EP300,lowest,False,False,UNKNOWN,1
PML,low,True,False,PRO,4
GSK3B,moderate,True,True,MIXED,7
HTT,highest,True,False,PRO,4
PRKCA,lowest,False,False,UNKNOWN,3
SSTR3,lowest,False,False,UNKNOWN,1
HELLS,low,False,True,ANTI,4
APOC3,lowest,False,False,UNKNOWN,1
EEF2,moderate,True,True,MIXED,3
ERCC3,lowest,False,False,UNKNOWN,2
TERF1,low,False,False,UNKNOWN,5
PRKDC,low,False,True,ANTI,5
CAT,high,True,False,PRO,3
ERCC5,low,False,True,ANTI,4
AR,low,False,True,ANTI,3
XRCC5,lowest,False,True,ANTI,3
PCNA,lowest,False,False,UNKNOWN,1
FEN1,low,False,True,ANTI,3
FAS,lowest,False,False,UNKNOWN,1
TERF2,lowest,False,True,ANTI,4
XRCC6,moderate,True,True,MIXED,4
POLD1,lowest,False,False,UNKNOWN,2
BAX,lowest,False,False,UNKNOWN,1
RB1,low,False,True,ANTI,6
FOXO3,moderate,True,True,PRO,6
FOXO1,moderate,True,True,PRO,6
HSF1,moderate,True,True,PRO,3
XPA,lowest,False,True,ANTI,2
MSRA,moderate,True,True,PRO,7
RECQL4,lowest,False,False,UNKNOWN,2
SOD2,moderate,True,True,PRO,6
SOD1,moderate,True,True,PRO,7
FOXM1,low,False,False,UNKNOWN,5
COQ7,high,True,False,PRO,4
CACNA1A,lowest,False,False,UNKNOWN,1
LRP2,lowest,False,False,UNKNOWN,2
AIFM1,lowest,False,False,UNKNOWN,1
UCHL1,lowest,False,False,UNKNOWN,1
APP,lowest,False,False,UNKNOWN,2
APOE,low,False,True,ANTI,3
A2M,lowest,False,False,UNKNOWN,1
SNCG,lowest,False,False,UNKNOWN,1
PRDX1,moderate,True,True,PRO,5
PON1,low,False,False,UNKNOWN,3
RELA,low,False,True,ANTI,5
IL6,low,False,False,UNKNOWN,4
RGN,lowest,False,False,UNKNOWN,3
ATP5PO,moderate,True,True,PRO,4
RAD52,low,False,True,ANTI,4
TOP3B,lowest,False,True,ANTI,2
ERCC1,low,False,True,ANTI,6
SIRT1,highest,True,True,PRO,7
HDAC1,moderate,True,True,PRO,8
HSPA9,moderate,True,True,MIXED,2
GPX1,low,False,False,UNKNOWN,5
GSR,moderate,True,True,PRO,6
GSS,low,False,False,UNKNOWN,3
GSTA4,high,True,False,PRO,4
GSTP1,moderate,True,True,ANTI,4
MT-CO1,moderate,True,False,PRO,2
HSPD1,lowest,False,False,UNKNOWN,1
HSPA1A,highest,True,False,PRO,4
HSPA1B,high,True,False,PRO,3
PCMT1,moderate,True,True,PRO,4
MAPK8,moderate,True,True,ANTI,6
YWHAZ,low,False,False,UNKNOWN,2
PTK2,low,False,False,UNKNOWN,2
IL7,low,False,False,UNKNOWN,2
MAPK14,moderate,True,True,PRO,7
FGFR1,lowest,False,False,UNKNOWN,2
SP1,lowest,False,False,UNKNOWN,3
FLT1,low,False,False,UNKNOWN,5
JUN,lowest,False,False,UNKNOWN,2
MAPK9,moderate,True,True,ANTI,6
MAPK3,lowest,False,False,UNKNOWN,1
HMGB1,lowest,False,False,UNKNOWN,2
HMGB2,lowest,False,False,UNKNOWN,3
MAP3K5,low,False,False,UNKNOWN,4
LMNB1,low,False,True,ANTI,6
SDHC,moderate,True,True,ANTI,4
FOXO4,moderate,True,True,PRO,4
PIK3R1,low,False,False,UNKNOWN,2
BSCL2,lowest,False,False,UNKNOWN,1
BMI1,lowest,False,False,UNKNOWN,2
EEF1A1,moderate,True,False,PRO,3
TFAP2A,lowest,False,False,UNKNOWN,2
BDNF,low,False,False,UNKNOWN,2
CREB1,low,False,False,UNKNOWN,4
ATF2,lowest,False,False,UNKNOWN,4
TBP,lowest,False,False,UNKNOWN,1
APEX1,low,False,True,ANTI,2
HBP1,low,False,False,UNKNOWN,4
BUB1B,high,True,False,PRO,2
PTGS2,low,False,True,ANTI,5
HSPA8,lowest,False,False,UNKNOWN,1
SIN3A,lowest,False,False,UNKNOWN,1
TFDP1,lowest,False,False,UNKNOWN,1
DDIT3,lowest,False,False,UNKNOWN,2
POLA1,lowest,False,False,UNKNOWN,1
MAPT,lowest,False,False,UNKNOWN,1
CTGF,low,False,False,UNKNOWN,3
HDAC2,moderate,True,True,PRO,7
MAX,lowest,False,False,UNKNOWN,1
MXD1,moderate,True,True,ANTI,3
MDM2,low,False,False,UNKNOWN,4
SUMO1,moderate,True,True,ANTI,3
HOXB7,lowest,False,False,UNKNOWN,2
HOXC4,lowest,False,False,UNKNOWN,1
JAK2,moderate,True,True,MIXED,6
ESR1,low,False,False,UNKNOWN,4
LEP,lowest,False,False,UNKNOWN,2
LEPR,lowest,False,False,UNKNOWN,1
NFKBIA,highest,True,False,PRO,4
CLU,moderate,True,False,PRO,4
MTOR,high,True,False,PRO,7
GHRHR,highest,True,False,PRO,3
CTNNB1,low,False,False,UNKNOWN,4
PSEN1,low,False,False,UNKNOWN,4
CDKN2A,high,True,False,PRO,3
PPP1CA,low,False,True,ANTI,4
DBN1,low,False,False,UNKNOWN,2
NOG,lowest,False,False,UNKNOWN,1
ELN,low,False,False,UNKNOWN,4
ATR,moderate,True,True,ANTI,5
UCP3,moderate,True,True,MIXED,6
ZMPSTE24,low,False,True,ANTI,5
TP63,low,False,True,ANTI,3
UCP2,highest,True,False,PRO,7
POLB,low,False,False,UNKNOWN,3
GCLC,moderate,True,True,PRO,6
GCLM,moderate,True,False,PRO,4
SIRT6,highest,True,True,PRO,9
BUB3,moderate,True,False,MIXED,2
RAE1,lowest,False,True,ANTI,2
PMCH,lowest,False,False,UNKNOWN,2
MLH1,low,False,False,UNKNOWN,2
CSNK1E,high,True,True,PRO,2
STUB1,moderate,True,True,ANTI,3
PPM1D,low,False,True,ANTI,5
PCK1,high,True,True,PRO,6
ARHGAP1,low,False,True,ANTI,3
CDC42,high,True,False,PRO,3
BMAL1,lowest,False,True,ANTI,2
CLOCK,lowest,False,True,ANTI,3
HIC1,lowest,False,False,UNKNOWN,2
PAPPA,highest,True,False,PRO,5
ADCY5,high,True,False,PRO,2
PPARGC1A,moderate,True,True,PRO,8
GPX4,high,True,False,MIXED,4
UCP1,highest,True,False,PRO,5
FGF23,lowest,False,False,UNKNOWN,3
EFEMP1,low,False,True,ANTI,5
ERCC4,moderate,True,True,PRO,6
CETP,lowest,False,False,UNKNOWN,1
PPARG,highest,True,True,MIXED,7
AGTR1,highest,True,False,PRO,4
CISD2,high,True,True,ANTI,5
EEF1E1,low,False,True,ANTI,5
EPS8,high,True,True,PRO,7
KCNA3,high,True,False,PRO,2
SIRT7,low,False,True,ANTI,8
SLC13A1,high,True,True,PRO,5
SOCS2,low,False,True,ANTI,5
TPP2,low,False,True,ANTI,4
TP53BP1,low,False,True,ANTI,3
SIRT3,low,False,True,ANTI,7
NCOR2,low,False,True,ANTI,4
SUN1,lowest,False,False,UNKNOWN,1
BAK1,lowest,False,False,UNKNOWN,1
IGFBP2,high,True,False,NEUTRAL,3
PYCR1,lowest,False,True,ANTI,2
TP73,low,False,True,ANTI,4
CNR1,low,False,False,UNKNOWN,2
NFE2L2,low,False,False,UNKNOWN,4
CDKN1A,low,False,False,UNKNOWN,4
PDGFRA,lowest,False,False,UNKNOWN,2
PIK3CA,high,True,True,PRO,4
C1QA,lowest,False,False,UNKNOWN,2
CDKN2B,low,False,False,UNKNOWN,3
EIF5A2,low,True,True,ANTI,3
MIF,high,True,False,PRO,5
DGAT1,high,True,False,PRO,2
MT1E,high,True,False,PRO,2
FGF21,high,True,False,PRO,3
HTRA2,low,False,True,ANTI,3
GSK3A,moderate,True,True,ANTI,6
NUDT1,high,True,False,PRO,3
IKBKB,high,True,True,MIXED,5
SQSTM1,moderate,True,True,PRO,7
CDK7,lowest,False,True,ANTI,2
GRN,high,True,True,ANTI,5
SERPINE1,low,False,False,UNKNOWN,2
SPRTN,lowest,False,False,UNKNOWN,1
RICTOR,moderate,True,True,PRO,4
CTF1,high,True,False,PRO,3
TRAP1,lowest,False,False,UNKNOWN,2
TRPV1,high,True,False,PRO,5
NFE2L1,moderate,True,True,ANTI,3
GDF11,moderate,True,True,PRO,8
ACE2,moderate,True,False,PRO,3
NAMPT,lowest,False,False,UNKNOWN,1
ALB,high,True,False,PRO,4
PLAGL1,lowest,False,False,UNKNOWN,1
GADD45A,lowest,False,False,UNKNOWN,1
DDIT4,lowest,False,False,UNKNOWN,3
PERP,lowest,False,False,UNKNOWN,1
DUSP10,moderate,True,False,PRO,2
MT-RNR1,low,False,False,UNKNOWN,3
IFNAR1,lowest,False,False,UNKNOWN,1
HPGD,low,False,False,UNKNOWN,3
CASP1,low,False,False,UNKNOWN,2
IFNG,lowest,False,False,UNKNOWN,3
BCL2L2,moderate,True,False,PRO,3
IL15,low,False,False,UNKNOWN,3
IL15RA,lowest,False,False,UNKNOWN,1
TGFBR1,moderate,True,True,PRO,4
COL2A1,low,False,False,UNKNOWN,4
ADIPOQ,low,False,False,UNKNOWN,3
NLRP3,high,True,False,PRO,3
B3GAT1,lowest,False,False,UNKNOWN,1
TJP2,lowest,False,False,UNKNOWN,1
RALB,lowest,False,False,UNKNOWN,2
ME3,low,False,False,UNKNOWN,3
CPNE1,lowest,False,False,UNKNOWN,1
SCN3A,lowest,False,False,UNKNOWN,1
RGS20,lowest,False,False,UNKNOWN,1
C1QB,lowest,False,False,UNKNOWN,2
BEX3,lowest,False,False,UNKNOWN,1
CAPG,lowest,False,False,UNKNOWN,1
NIPSNAP1,low,False,False,UNKNOWN,3
ZFAND2A,lowest,False,True,ANTI,2
ELMO1,lowest,False,False,UNKNOWN,1
DLK2,lowest,False,False,UNKNOWN,1
BCL6,lowest,False,False,UNKNOWN,1
ZC3HAV1,lowest,False,False,UNKNOWN,1
ABI2,lowest,False,False,UNKNOWN,3
ADAMTS20,moderate,True,False,PRO,3
TUBB6,moderate,True,False,PRO,4
LAIR1,lowest,False,False,UNKNOWN,3
ZFYVE9,lowest,False,False,UNKNOWN,2
SLC16A14,lowest,False,False,UNKNOWN,1
U2AF1,lowest,False,False,UNKNOWN,2
CETN3,lowest,False,False,UNKNOWN,1
GRSF1,lowest,False,False,UNKNOWN,4
MXRA8,lowest,False,False,UNKNOWN,1
ANK2,low,False,True,ANTI,3
ENTPD3,lowest,False,False,UNKNOWN,1
CYC1,low,False,False,UNKNOWN,2
LGI4,lowest,False,False,UNKNOWN,1
GPCPD1,lowest,False,False,UNKNOWN,1
OPN3,low,False,False,UNKNOWN,5
PPM1H,lowest,False,False,UNKNOWN,1
BECN1,high,True,False,PRO,1
MAPRE2,lowest,False,False,UNKNOWN,1
MRPS25,lowest,False,False,UNKNOWN,1
BAD,lowest,False,False,UNKNOWN,2
SNAI2,moderate,True,True,PRO,7
SLC2A13,lowest,False,False,UNKNOWN,1
SRSF5,lowest,False,False,UNKNOWN,1
HSD17B7,lowest,False,False,UNKNOWN,2
COL1A1,low,False,True,ANTI,5
COL1A2,low,False,False,UNKNOWN,3
COL3A1,low,False,True,ANTI,4
COL4A1,lowest,False,False,UNKNOWN,3
COL4A2,lowest,False,False,UNKNOWN,2
COL4A3,lowest,False,False,UNKNOWN,2
COL4A4,lowest,False,False,UNKNOWN,2
COL4A5,lowest,False,False,UNKNOWN,2
COL4A6,lowest,False,False,UNKNOWN,2
PDHB,low,False,True,ANTI,4
DGKZ,moderate,True,False,PRO,2
FJX1,lowest,False,False,UNKNOWN,1
UROS,lowest,False,False,UNKNOWN,2
CHSY1,low,False,True,ANTI,3
MZF1,lowest,False,False,UNKNOWN,1
RGL1,lowest,False,False,UNKNOWN,1
NIPBL,lowest,False,False,UNKNOWN,3
EGFL6,lowest,False,False,UNKNOWN,2
SNAI1,moderate,True,True,PRO,5
SMOC1,moderate,True,False,PRO,4
CSNK2A1,low,False,False,UNKNOWN,3
CXCL8,lowest,False,False,UNKNOWN,2
MTHFR,low,False,False,UNKNOWN,3
MTHFD1,low,False,False,UNKNOWN,2
MTRR,lowest,False,False,UNKNOWN,2
MTR,lowest,False,False,UNKNOWN,1
FOLR1,lowest,False,False,UNKNOWN,1
FOLR2,lowest,False,False,UNKNOWN,2
FOLH1,lowest,False,False,UNKNOWN,2
FOLH1B,lowest,False,False,UNKNOWN,1
SLC19A1,low,False,True,ANTI,2
HBA1,lowest,False,False,UNKNOWN,1
HBA2,lowest,False,False,UNKNOWN,1
HBB,lowest,False,False,UNKNOWN,2
AHSP,lowest,False,False,UNKNOWN,1
SUB1,low,False,False,UNKNOWN,4
PCSK9,lowest,False,False,UNKNOWN,1
WNT4,lowest,False,False,UNKNOWN,2
CRP,lowest,False,False,UNKNOWN,1
CYBB,low,False,False,UNKNOWN,5
CYB5R3,high,True,True,PRO,6
CYGB,lowest,False,False,UNKNOWN,3
NOS3,low,False,True,ANTI,3
NGB,low,False,False,UNKNOWN,5
DHFR,moderate,True,False,PRO,4
TYMS,moderate,True,False,PRO,3
CSF2,low,False,False,UNKNOWN,2
TGM2,low,False,False,UNKNOWN,4
LOX,low,False,False,UNKNOWN,3
FBN1,low,False,True,ANTI,4
FBN2,lowest,False,False,UNKNOWN,1
FBLN1,lowest,False,False,UNKNOWN,1
EFEMP2,lowest,False,False,UNKNOWN,1
FBLN5,lowest,False,False,UNKNOWN,1
MMP1,lowest,False,False,UNKNOWN,1
MMP3,lowest,False,False,UNKNOWN,2
WNT5B,lowest,False,False,UNKNOWN,2
WNT2,lowest,False,False,UNKNOWN,2
WNT5A,lowest,False,False,UNKNOWN,2
WNT2B,lowest,False,False,UNKNOWN,2
WNT11,lowest,False,False,UNKNOWN,2
WNT7B,low,False,False,UNKNOWN,4
WNT7A,lowest,False,False,UNKNOWN,1
WNT9A,lowest,False,False,UNKNOWN,1
WNT10A,lowest,False,False,UNKNOWN,1
WNT16,low,False,False,UNKNOWN,3
WNT6,lowest,False,False,UNKNOWN,2
WNT1,lowest,False,False,UNKNOWN,1
WNT3,lowest,False,False,UNKNOWN,2
WNT3A,lowest,False,False,UNKNOWN,4
DVL2,lowest,False,False,UNKNOWN,1
FZD2,lowest,False,False,UNKNOWN,1
FZD3,lowest,False,False,UNKNOWN,1
LEF1,lowest,False,False,UNKNOWN,2
SFRP1,lowest,False,False,UNKNOWN,1
FRZB,lowest,False,False,UNKNOWN,1
CCND1,lowest,False,False,UNKNOWN,1
CCND2,lowest,False,False,UNKNOWN,2
DIXDC1,lowest,False,False,UNKNOWN,1
PORCN,lowest,False,False,UNKNOWN,1
FZD8,lowest,False,False,UNKNOWN,1
SFRP2,lowest,False,False,UNKNOWN,1
APC,lowest,False,False,UNKNOWN,1
BTRC,lowest,False,False,UNKNOWN,1
WIF1,lowest,False,False,UNKNOWN,1
CCN4,lowest,False,False,UNKNOWN,1
TLE1,lowest,False,False,UNKNOWN,1
SIRT2,moderate,True,True,PRO,8
SPP1,lowest,False,False,UNKNOWN,3
MMP9,low,False,False,UNKNOWN,4
MMP2,low,False,False,UNKNOWN,2
MMP7,lowest,False,False,UNKNOWN,2
MMP12,lowest,False,False,UNKNOWN,2
MMP13,lowest,False,False,UNKNOWN,2
MMP14,low,False,True,ANTI,4
MMP16,lowest,False,False,UNKNOWN,1
MMP17,lowest,False,False,UNKNOWN,1
BIRC5,lowest,False,False,UNKNOWN,1
MARK1,lowest,False,False,UNKNOWN,1
MRPL15,lowest,False,False,UNKNOWN,1
MKKS,lowest,False,False,UNKNOWN,1
MICOS13,lowest,False,False,UNKNOWN,1
TGFBR3,lowest,False,False,UNKNOWN,1
CYB561,lowest,False,False,UNKNOWN,1
HCCS,lowest,False,False,UNKNOWN,1
DDX24,lowest,False,False,UNKNOWN,1
MRPS33,lowest,False,False,UNKNOWN,1
TIMP1,lowest,False,False,UNKNOWN,1
VLDLR,lowest,False,False,UNKNOWN,1
ACOT8,lowest,False,False,UNKNOWN,1
CAMTA1,lowest,False,False,UNKNOWN,1
IL33,lowest,False,False,UNKNOWN,1
INHBB,lowest,False,False,UNKNOWN,1
COX4I1,lowest,False,False,UNKNOWN,1
PTPN3,lowest,False,False,UNKNOWN,1
LPP,lowest,False,False,UNKNOWN,1
PPP3R1,lowest,False,False,UNKNOWN,1
SNED1,lowest,False,False,UNKNOWN,1
IMMT,lowest,False,False,UNKNOWN,1
ARPC5L,lowest,False,False,UNKNOWN,1
CFLAR,lowest,False,False,UNKNOWN,1
NECAB3,lowest,False,False,UNKNOWN,1
AUH,lowest,False,False,UNKNOWN,1
USP54,lowest,False,False,UNKNOWN,1
ANP32B,lowest,False,False,UNKNOWN,1
SERTAD2,lowest,False,False,UNKNOWN,1
ST8SIA5,lowest,False,False,UNKNOWN,1
ALDH4A1,lowest,False,False,UNKNOWN,1
EPC1,lowest,False,False,UNKNOWN,1
ZHX2,lowest,False,False,UNKNOWN,1
USE1,lowest,False,False,UNKNOWN,1
RTCA,lowest,False,False,UNKNOWN,1
DAZAP1,lowest,False,False,UNKNOWN,1
PTGR1,lowest,False,False,UNKNOWN,1
TPD52L2,lowest,False,False,UNKNOWN,1
GOT2,lowest,False,False,UNKNOWN,1
PLIN3,lowest,False,False,UNKNOWN,1
RNF114,lowest,False,False,UNKNOWN,1
RIN3,lowest,False,False,UNKNOWN,1
TRIB2,lowest,False,False,UNKNOWN,1
WDR77,lowest,False,False,UNKNOWN,1
TSPAN5,lowest,False,False,UNKNOWN,1
NDUFA9,lowest,False,False,UNKNOWN,1
UPF3A,lowest,False,False,UNKNOWN,1
DYNC1I1,lowest,False,False,UNKNOWN,1
MRPS12,lowest,False,False,UNKNOWN,1
RAP2A,lowest,False,False,UNKNOWN,1
MOCS2,lowest,False,False,UNKNOWN,1
BCS1L,lowest,False,False,UNKNOWN,1
CEP350,lowest,False,False,UNKNOWN,1
AKAP7,lowest,False,False,UNKNOWN,1
DLAT,lowest,False,False,UNKNOWN,1
RING1,lowest,False,False,UNKNOWN,1
LST1,lowest,False,False,UNKNOWN,1
STK25,lowest,False,False,UNKNOWN,1
ITPR2,lowest,False,False,UNKNOWN,1
PANK4,lowest,False,False,UNKNOWN,1
RBPJ,lowest,False,False,UNKNOWN,1
ISCA1,lowest,False,False,UNKNOWN,1
NDUFS2,lowest,False,False,UNKNOWN,1
SNRNP70,lowest,False,False,UNKNOWN,1
AVL9,lowest,False,False,UNKNOWN,1
CARHSP1,lowest,False,False,UNKNOWN,1
UQCRC1,lowest,False,False,UNKNOWN,1
SF3B2,lowest,False,False,UNKNOWN,1
FANCG,lowest,False,False,UNKNOWN,1
SLC25A11,lowest,False,False,UNKNOWN,1
NDC1,lowest,False,False,UNKNOWN,1
NDUFV3,lowest,False,False,UNKNOWN,1
POLR3K,lowest,False,False,UNKNOWN,1
IGF2R,lowest,False,False,UNKNOWN,1
PMP22,lowest,False,False,UNKNOWN,1
NTMT1,lowest,False,False,UNKNOWN,1
MTMR2,lowest,False,False,UNKNOWN,1
CMAS,lowest,False,False,UNKNOWN,1
AKAP13,lowest,False,False,UNKNOWN,1
YAP1,moderate,True,True,PRO,3
C3,low,False,False,UNKNOWN,2
ITGA2,lowest,False,False,UNKNOWN,1
MYOF,lowest,False,False,UNKNOWN,1
RPS6KC1,lowest,False,False,UNKNOWN,1
UQCRB,lowest,False,False,UNKNOWN,1
RYR1,lowest,False,False,UNKNOWN,1
BAZ2A,lowest,False,False,UNKNOWN,3
ROGDI,lowest,False,False,UNKNOWN,1
LGALS1,lowest,False,False,UNKNOWN,1
MOSPD1,lowest,False,False,UNKNOWN,1
MRPL35,lowest,False,False,UNKNOWN,1
SUCLA2,lowest,False,False,UNKNOWN,1
HSPA2,lowest,False,False,UNKNOWN,1
SPATS2L,lowest,False,False,UNKNOWN,1
DNM1L,lowest,False,False,UNKNOWN,1
WDR12,lowest,False,False,UNKNOWN,1
GLRX,low,False,False,UNKNOWN,2
COPS5,lowest,False,False,UNKNOWN,1
FKBP5,lowest,False,False,UNKNOWN,1
CADM2,lowest,False,False,UNKNOWN,1
DDX11,lowest,False,False,UNKNOWN,1
PANK3,lowest,False,False,UNKNOWN,1
COX7A2,lowest,False,False,UNKNOWN,1
SEL1L3,lowest,False,False,UNKNOWN,1
FAM210A,lowest,False,False,UNKNOWN,1
TTC4,lowest,False,False,UNKNOWN,1
STK24,lowest,False,False,UNKNOWN,1
CYTH1,lowest,False,False,UNKNOWN,1
RBM39,lowest,False,False,UNKNOWN,1
STAG2,lowest,False,False,UNKNOWN,1
AP2B1,lowest,False,False,UNKNOWN,1
ERBB3,lowest,False,False,UNKNOWN,1
NNT,lowest,False,False,UNKNOWN,1
NKTR,lowest,False,False,UNKNOWN,1
KDM6B,lowest,False,False,UNKNOWN,1
ATG5,high,True,False,PRO,3
SOCS3,lowest,False,False,UNKNOWN,2
LYPLA1,lowest,False,False,UNKNOWN,1
CXXC1,lowest,False,False,UNKNOWN,1
GDE1,lowest,False,False,UNKNOWN,1
AKT3,moderate,True,True,PRO,4
NUMA1,lowest,False,False,UNKNOWN,1
CPSF7,lowest,False,False,UNKNOWN,1
RAP1B,lowest,False,False,UNKNOWN,1
CCNH,lowest,False,False,UNKNOWN,1
UXS1,lowest,False,False,UNKNOWN,1
GNPTG,lowest,False,False,UNKNOWN,1
PSRC1,lowest,False,False,UNKNOWN,1
TLN2,lowest,False,False,UNKNOWN,1
GNPNAT1,lowest,False,False,UNKNOWN,1
MAP2K4,lowest,False,False,UNKNOWN,1
ZBTB8OS,lowest,False,False,UNKNOWN,1
PRKAG1,lowest,False,False,UNKNOWN,1
SGPP1,lowest,False,False,UNKNOWN,1
ABCE1,lowest,False,False,UNKNOWN,1
IQGAP1,lowest,False,False,UNKNOWN,1
NFATC3,lowest,False,False,UNKNOWN,1
ADAMTS1,lowest,False,False,UNKNOWN,1
LTBP1,lowest,False,False,UNKNOWN,1
VAMP4,lowest,False,False,UNKNOWN,1
SDC2,lowest,False,False,UNKNOWN,1
PCNT,lowest,False,False,UNKNOWN,1
SCPEP1,lowest,False,False,UNKNOWN,1
LAMTOR2,lowest,False,False,UNKNOWN,1
AKT1S1,low,False,False,UNKNOWN,2
PRR5L,low,False,False,UNKNOWN,2
RPTOR,lowest,False,False,UNKNOWN,2
RHOA,low,False,False,UNKNOWN,2
EIF4EBP1,low,False,False,UNKNOWN,2
MMP20,lowest,False,False,UNKNOWN,1
MMP25,lowest,False,False,UNKNOWN,1
MMP27,lowest,False,False,UNKNOWN,1
TIMP2,lowest,False,False,UNKNOWN,2
ACAN,lowest,False,False,UNKNOWN,1
SMOC2,moderate,True,False,PRO,3
SIRT4,moderate,True,True,MIXED,9
SIRT5,low,False,False,UNKNOWN,4
AGER,low,False,False,UNKNOWN,6
GLO1,moderate,True,True,MIXED,6
NRIP1,high,True,False,PRO,4
TMPRSS2,lowest,False,False,UNKNOWN,2
VHL,moderate,True,False,PRO,3
WNT10B,lowest,False,False,UNKNOWN,1
WNT9B,lowest,False,False,UNKNOWN,3
PAWR,high,True,True,ANTI,4
C9ORF85,lowest,False,False,UNKNOWN,1
JMJD1A,lowest,False,False,UNKNOWN,1
DDR1,lowest,False,False,UNKNOWN,1
ALOX12,lowest,False,False,UNKNOWN,1
PTGER2,lowest,False,False,UNKNOWN,1
MGAT5,low,False,True,ANTI,3
NR2F2,lowest,False,False,UNKNOWN,1
WFS1,lowest,False,False,UNKNOWN,1
FLJ22555,lowest,False,False,UNKNOWN,1
DKK3,lowest,False,False,UNKNOWN,1
LAMA3,lowest,False,False,UNKNOWN,1
PTPRK,lowest,False,False,UNKNOWN,1
NOX4,lowest,False,False,UNKNOWN,4
COA1,lowest,False,False,UNKNOWN,1
CXCL16,lowest,False,False,UNKNOWN,1
PDLIM5,lowest,False,False,UNKNOWN,1
USP10,lowest,False,False,UNKNOWN,1
CA3,lowest,False,False,UNKNOWN,1
CYFIP1,lowest,False,False,UNKNOWN,1
NHLRC1,lowest,False,False,UNKNOWN,1
RPL31,lowest,False,False,UNKNOWN,1
DCHS1,lowest,False,False,UNKNOWN,1
EIF3M,lowest,False,False,UNKNOWN,1
BIK,lowest,False,False,UNKNOWN,1
ARHGEF18,lowest,False,False,UNKNOWN,1
MGP,lowest,False,False,UNKNOWN,1
FXN,moderate,True,True,PRO,4
NDUFS5,lowest,False,False,UNKNOWN,1
CRADD,lowest,False,False,UNKNOWN,1
MAPKAP1,lowest,False,False,UNKNOWN,1
C10ORF35,lowest,False,False,UNKNOWN,1
MBNL1,lowest,False,False,UNKNOWN,1
BIRC2,lowest,False,False,UNKNOWN,1
TIMM17A,lowest,False,False,UNKNOWN,1
RXRA,lowest,False,False,UNKNOWN,1
ACOX1,lowest,False,False,UNKNOWN,2
SLCO3A1,lowest,False,False,UNKNOWN,1
SLC14A1,lowest,False,False,UNKNOWN,1
APPBP1,lowest,False,False,UNKNOWN,1
IL6ST,lowest,False,False,UNKNOWN,1
ATPAF1,lowest,False,False,UNKNOWN,1
EPHX2,lowest,False,False,UNKNOWN,1
FES,lowest,False,False,UNKNOWN,1
TRIM72,low,False,False,UNKNOWN,3
TARDBP,moderate,True,True,ANTI,4
,lowest,False,False,UNKNOWN,0
KDR,lowest,False,False,UNKNOWN,2
POU5F1,lowest,False,False,UNKNOWN,2
EZH2,moderate,True,False,PRO,3
LAMA2,lowest,False,False,UNKNOWN,1
LAMA4,lowest,False,False,UNKNOWN,1
LAMA5,lowest,False,False,UNKNOWN,1
LAMB1,lowest,False,False,UNKNOWN,1
LAMB2,lowest,False,False,UNKNOWN,1
LAMB3,lowest,False,False,UNKNOWN,2
LAMC2,lowest,False,False,UNKNOWN,1
ESR2,lowest,False,False,UNKNOWN,1
ITGA3,lowest,False,False,UNKNOWN,1
ITGA4,lowest,False,False,UNKNOWN,1
ITGA6,lowest,False,False,UNKNOWN,1
ITGAE,lowest,False,False,UNKNOWN,1
ITGAV,lowest,False,False,UNKNOWN,1
ITGB1,moderate,True,False,PRO,4
ITGB2,lowest,False,False,UNKNOWN,1
ITGB3,low,False,False,UNKNOWN,4
HLA-DRB1,low,False,False,UNKNOWN,2
CXCL9,lowest,False,False,UNKNOWN,2
BPIFB4,low,False,False,UNKNOWN,3
SSTR2,lowest,False,False,UNKNOWN,1
SSTR5,lowest,False,False,UNKNOWN,1
SSTR1,lowest,False,False,UNKNOWN,1
IGFBP5,low,False,False,UNKNOWN,2
SOX2,lowest,True,False,PRO,1
KLF4,lowest,False,False,UNKNOWN,1
MC4R,lowest,False,True,ANTI,2
BHLHE41,lowest,False,False,UNKNOWN,1
FZD7,lowest,False,False,UNKNOWN,1
HSPB8,lowest,False,False,UNKNOWN,1
TBKBP1,lowest,False,False,UNKNOWN,1
TIAM1,lowest,False,False,UNKNOWN,1
SH3BP5,lowest,False,False,UNKNOWN,1
GPRC5B,lowest,False,False,UNKNOWN,1
CITED4,lowest,False,False,UNKNOWN,1
CCDC88C,lowest,False,False,UNKNOWN,1
GYPC,lowest,False,False,UNKNOWN,1
SERINC3,lowest,False,False,UNKNOWN,1
PDE4B,low,False,False,UNKNOWN,2
ARHGAP35,lowest,False,False,UNKNOWN,1
CADM1,lowest,False,False,UNKNOWN,1
NFATC2,lowest,False,False,UNKNOWN,1
CD28,lowest,False,False,UNKNOWN,1
DYRK2,lowest,False,False,UNKNOWN,1
MYO10,lowest,False,False,UNKNOWN,1
ACVR2A,lowest,False,False,UNKNOWN,1
WNK1,lowest,False,False,UNKNOWN,1
MR1,lowest,False,False,UNKNOWN,1
RCOR3,lowest,False,False,UNKNOWN,1
C7,lowest,False,False,UNKNOWN,1
CPD,lowest,False,False,UNKNOWN,1
MAP1B,lowest,False,False,UNKNOWN,1
HDAC9,lowest,False,False,UNKNOWN,1
DYRK1A,lowest,False,False,UNKNOWN,1
ME1,lowest,False,False,UNKNOWN,1
PLCL2,lowest,False,False,UNKNOWN,1
MTSS1,lowest,False,False,UNKNOWN,1
HERC3,lowest,False,False,UNKNOWN,1
MAF,lowest,False,False,UNKNOWN,1
SEMA6D,lowest,False,False,UNKNOWN,1
TPPP,lowest,False,False,UNKNOWN,1
SLC9A2,lowest,False,False,UNKNOWN,1
CAMK2A,lowest,False,False,UNKNOWN,1
RBM3,lowest,False,False,UNKNOWN,1
NF1,lowest,False,False,UNKNOWN,1
ANXA7,lowest,False,False,UNKNOWN,1
RBFOX2,lowest,False,False,UNKNOWN,1
CBFA2T2,lowest,False,False,UNKNOWN,1
TSC22D1,lowest,False,False,UNKNOWN,1
RTN4,lowest,False,False,UNKNOWN,1
PAK1,lowest,False,False,UNKNOWN,1
RLF,lowest,False,False,UNKNOWN,1
PRKACB,lowest,False,False,UNKNOWN,1
MAT2A,lowest,False,False,UNKNOWN,1
ADAMTS5,lowest,False,False,UNKNOWN,1
TBL1X,lowest,False,False,UNKNOWN,1
AKAP9,lowest,False,False,UNKNOWN,1
FOXN3,lowest,False,False,UNKNOWN,1
UBR5,lowest,False,False,UNKNOWN,1
MAGED2,lowest,False,False,UNKNOWN,1
TOB1,lowest,False,False,UNKNOWN,1
DICER1,lowest,False,False,UNKNOWN,1
SORT1,lowest,False,False,UNKNOWN,1
NR1D1,lowest,False,False,UNKNOWN,1
FEZ2,lowest,False,False,UNKNOWN,1
MBOAT1,lowest,False,False,UNKNOWN,1
CALM3,lowest,False,False,UNKNOWN,1
CDKN2C,lowest,False,False,UNKNOWN,1
TRAPPC10,lowest,False,False,UNKNOWN,1
NCOA2,lowest,False,False,UNKNOWN,1
PIK3CD,moderate,True,True,PRO,2
FBXO21,lowest,False,False,UNKNOWN,1
ADRB2,lowest,False,False,UNKNOWN,1
RBMS1,lowest,False,False,UNKNOWN,1
ETS2,lowest,False,False,UNKNOWN,1
LDLR,lowest,False,False,UNKNOWN,1
LRRFIP1,lowest,False,False,UNKNOWN,1
YY1,lowest,False,False,UNKNOWN,1
GPC4,lowest,False,False,UNKNOWN,1
NEK9,lowest,False,False,UNKNOWN,1
FBXL4,lowest,False,False,UNKNOWN,1
USP13,lowest,False,False,UNKNOWN,1
LRP4,lowest,False,False,UNKNOWN,1
ZMIZ2,lowest,False,False,UNKNOWN,1
CERT1,lowest,False,False,UNKNOWN,1
ADD3,lowest,False,False,UNKNOWN,1
MGST1,lowest,False,False,UNKNOWN,1
GNA13,lowest,False,False,UNKNOWN,1
MAP4,lowest,False,False,UNKNOWN,1
CACNG1,lowest,False,False,UNKNOWN,1
ARHGEF5,lowest,False,False,UNKNOWN,1
TNRC6A,lowest,False,False,UNKNOWN,1
ZEB2,lowest,False,False,UNKNOWN,1
HNRNPD,low,False,True,ANTI,3
CRY2,lowest,False,False,UNKNOWN,1
NDEL1,lowest,False,False,UNKNOWN,1
RARA,lowest,False,False,UNKNOWN,1
TMEM123,lowest,False,False,UNKNOWN,1
VWF,lowest,False,False,UNKNOWN,1
MTUS1,lowest,False,False,UNKNOWN,1
ZBTB18,lowest,False,False,UNKNOWN,1
RYK,lowest,False,False,UNKNOWN,1
NFYB,lowest,False,False,UNKNOWN,1
KIF1B,lowest,False,False,UNKNOWN,1
PENK,lowest,False,False,UNKNOWN,1
NDST1,lowest,False,False,UNKNOWN,1
ZFTRAF1,lowest,False,False,UNKNOWN,1
CTNNBIP1,lowest,False,False,UNKNOWN,1
DLG1,lowest,False,False,UNKNOWN,1
CRTC3,lowest,False,False,UNKNOWN,1
SEMA3B,lowest,False,False,UNKNOWN,1
TSC22D3,lowest,False,False,UNKNOWN,1
USP46,lowest,False,False,UNKNOWN,1
PFKFB1,lowest,False,False,UNKNOWN,1
SDHB,lowest,False,False,UNKNOWN,1
NME2,lowest,False,False,UNKNOWN,1
GRAMD2B,lowest,False,False,UNKNOWN,1
RSL1D1,lowest,False,False,UNKNOWN,1
OCRL,lowest,False,False,UNKNOWN,1
PTGES2,lowest,False,False,UNKNOWN,1
OSBPL3,lowest,False,False,UNKNOWN,1
CTNNA1,lowest,False,False,UNKNOWN,1
AIDA,lowest,False,False,UNKNOWN,1
GLE1,lowest,False,False,UNKNOWN,1
CTH,lowest,False,False,UNKNOWN,1
AHCYL2,lowest,False,False,UNKNOWN,1
IDH1,lowest,False,False,UNKNOWN,1
CRYAB,lowest,False,False,UNKNOWN,1
CAST,lowest,False,False,UNKNOWN,1
RPS21,lowest,False,False,UNKNOWN,1
FGFR3,lowest,False,False,UNKNOWN,1
ERGIC3,lowest,False,False,UNKNOWN,1
ARMCX3,lowest,False,False,UNKNOWN,1
TMEM9,lowest,False,False,UNKNOWN,1
LYVE1,lowest,False,False,UNKNOWN,1
SH3KBP1,lowest,False,False,UNKNOWN,1
GLUD1,lowest,False,False,UNKNOWN,1
NOS1,lowest,False,False,UNKNOWN,1
SDC4,lowest,False,False,UNKNOWN,1
MAFF,lowest,False,False,UNKNOWN,1
MCL1,lowest,False,False,UNKNOWN,1
FGF2,lowest,False,False,UNKNOWN,1
CD163,lowest,False,False,UNKNOWN,1
ABR,lowest,False,False,UNKNOWN,1
FAM107A,lowest,False,False,UNKNOWN,1
SLC25A12,lowest,False,False,UNKNOWN,1
TNNT1,lowest,False,False,UNKNOWN,1
ADH1A,lowest,False,False,UNKNOWN,1
TBC1D1,lowest,False,False,UNKNOWN,1
ATP2A2,lowest,False,False,UNKNOWN,1
ITM2A,lowest,False,False,UNKNOWN,1
TPM3,lowest,False,False,UNKNOWN,1
MBNL2,lowest,False,False,UNKNOWN,1
ZFP36,lowest,False,False,UNKNOWN,1
IP6K3,lowest,False,False,UNKNOWN,1
DDX3X,lowest,False,False,UNKNOWN,1
KLF13,lowest,False,False,UNKNOWN,1
RPL3,lowest,False,False,UNKNOWN,1
NR4A3,lowest,False,False,UNKNOWN,1
GADD45G,lowest,False,False,UNKNOWN,1
CIRBP,lowest,False,False,UNKNOWN,1
TMPO,lowest,False,False,UNKNOWN,1
ARL2BP,lowest,False,False,UNKNOWN,1
NMB,lowest,False,False,UNKNOWN,1
RASGRP2,lowest,False,False,UNKNOWN,1
SLC25A28,lowest,False,False,UNKNOWN,1
TSPYL2,lowest,False,False,UNKNOWN,1
SIAH1,lowest,False,False,UNKNOWN,1
ECI2,lowest,False,False,UNKNOWN,1
CXCL14,lowest,False,False,UNKNOWN,1
KLF6,lowest,False,False,UNKNOWN,1
DNTTIP2,lowest,False,False,UNKNOWN,1
SFPQ,lowest,False,False,UNKNOWN,1
TFDP2,lowest,False,False,UNKNOWN,1
EWSR1,lowest,False,False,UNKNOWN,1
FANCL,lowest,False,False,UNKNOWN,1
SLC25A27,lowest,False,False,UNKNOWN,1
CLASRP,lowest,False,False,UNKNOWN,1
MADD,lowest,False,False,UNKNOWN,1
SOX13,lowest,False,False,UNKNOWN,1
RPL22,lowest,False,False,UNKNOWN,1
NPC1,lowest,False,False,UNKNOWN,1
SGK1,lowest,False,False,UNKNOWN,1
HSD11B1,lowest,False,False,UNKNOWN,1
DHX9,lowest,False,False,UNKNOWN,1
SCAPER,lowest,False,False,UNKNOWN,1
GGT7,lowest,False,False,UNKNOWN,1
CLIC4,lowest,False,False,UNKNOWN,1
CDYL,lowest,False,False,UNKNOWN,1
ASL,lowest,False,False,UNKNOWN,1
ELAVL1,lowest,False,False,UNKNOWN,1
CAV1,high,True,True,ANTI,4
G3BP2,lowest,False,False,UNKNOWN,1
ADK,lowest,False,False,UNKNOWN,1
AZIN1,lowest,False,False,UNKNOWN,1
TRIO,lowest,False,False,UNKNOWN,1
PLCE1,lowest,False,False,UNKNOWN,1
THY1,lowest,False,False,UNKNOWN,1
PDK1,lowest,False,False,UNKNOWN,1
SLC43A2,lowest,False,False,UNKNOWN,1
FN1,lowest,False,True,ANTI,2
ARPP21,lowest,False,False,UNKNOWN,1
PREPL,lowest,False,False,UNKNOWN,1
CDC16,lowest,False,False,UNKNOWN,1
CBX4,lowest,False,False,UNKNOWN,1
NUDT4,lowest,False,False,UNKNOWN,1
PRNP,lowest,False,False,UNKNOWN,1
S100A8,lowest,False,False,UNKNOWN,1
PGPEP1,lowest,False,False,UNKNOWN,1
EFS,lowest,False,False,UNKNOWN,1
PAQR9,lowest,False,False,UNKNOWN,1
VGLL4,lowest,False,False,UNKNOWN,1
RALGAPA1,lowest,False,False,UNKNOWN,1
WDR6,lowest,False,False,UNKNOWN,1
CHAD,lowest,False,False,UNKNOWN,1
GNB5,lowest,False,False,UNKNOWN,1
BEND3,lowest,False,False,UNKNOWN,1
PRKAR1A,lowest,False,False,UNKNOWN,1
RBL2,lowest,False,False,UNKNOWN,1
ZMAT3,lowest,False,False,UNKNOWN,1
CKMT2,lowest,False,False,UNKNOWN,1
ST6GAL1,lowest,False,False,UNKNOWN,1
UBE2H,lowest,False,False,UNKNOWN,1
LDLRAP1,lowest,False,False,UNKNOWN,1
MSN,lowest,False,False,UNKNOWN,1
RASA4,lowest,False,False,UNKNOWN,1
CDC42EP3,lowest,False,False,UNKNOWN,1
CXCL12,lowest,False,False,UNKNOWN,1
ACTG1,lowest,False,False,UNKNOWN,1
PDE4A,lowest,False,False,UNKNOWN,1
AFG1L,lowest,False,False,UNKNOWN,1
STOM,lowest,False,False,UNKNOWN,1
S100A9,lowest,False,False,UNKNOWN,1
PODXL,lowest,False,False,UNKNOWN,1
RTN4IP1,lowest,False,False,UNKNOWN,1
FADS1,low,False,False,UNKNOWN,2
APOB,lowest,False,False,UNKNOWN,1
STARD13,lowest,False,False,UNKNOWN,1
GNG11,lowest,False,False,UNKNOWN,1
PSMD5,lowest,False,False,UNKNOWN,1
MPC1,lowest,False,False,UNKNOWN,1
MAN1C1,lowest,False,False,UNKNOWN,1
ECM2,lowest,False,False,UNKNOWN,1
PDHA1,lowest,False,False,UNKNOWN,1
SYNGR1,lowest,False,False,UNKNOWN,1
C4B,lowest,False,False,UNKNOWN,1
VEGFC,lowest,False,False,UNKNOWN,1
SERPINF1,lowest,False,False,UNKNOWN,1
AMOTL2,lowest,False,False,UNKNOWN,1
ECHDC1,lowest,False,False,UNKNOWN,1
RPS6KA3,lowest,False,False,UNKNOWN,1
ATOX1,lowest,False,False,UNKNOWN,1
BACE2,lowest,False,False,UNKNOWN,1
LY6G5C,lowest,False,False,UNKNOWN,1
ACOT13,lowest,False,False,UNKNOWN,1
MGST2,lowest,False,False,UNKNOWN,1
UBL3,lowest,False,False,UNKNOWN,1
DAAM1,lowest,False,False,UNKNOWN,1
EBF1,lowest,False,False,UNKNOWN,1
HTRA1,lowest,False,False,UNKNOWN,1
SLC44A2,lowest,False,False,UNKNOWN,1
CHCHD4,lowest,False,False,UNKNOWN,1
COX7C,lowest,False,False,UNKNOWN,1
DAAM2,lowest,False,False,UNKNOWN,1
ANXA1,lowest,False,False,UNKNOWN,1
LSS,lowest,False,False,UNKNOWN,1
MPZL2,lowest,False,False,UNKNOWN,1
GRHPR,lowest,False,False,UNKNOWN,1
RAD50,low,False,False,UNKNOWN,2
MRPL30,lowest,False,False,UNKNOWN,1
NUDT12,lowest,False,False,UNKNOWN,1
ICAM2,lowest,False,False,UNKNOWN,1
ANXA5,lowest,False,False,UNKNOWN,1
LPIN1,lowest,False,False,UNKNOWN,1
H3-3B,lowest,False,False,UNKNOWN,1
IL1B,lowest,False,False,UNKNOWN,1
ABCC4,lowest,False,False,UNKNOWN,1
CLPX,lowest,False,False,UNKNOWN,1
PHLDA1,lowest,False,False,UNKNOWN,1
NAP1L1,lowest,False,False,UNKNOWN,1
SORD,lowest,False,False,UNKNOWN,1
TUBB2A,lowest,False,False,UNKNOWN,1
RAB1A,lowest,False,False,UNKNOWN,1
GNE,lowest,False,False,UNKNOWN,1
RBM15,lowest,False,False,UNKNOWN,1
CAPN2,lowest,False,False,UNKNOWN,1
POLD4,lowest,False,False,UNKNOWN,1
GSN,lowest,False,False,UNKNOWN,1
MID1IP1,lowest,False,False,UNKNOWN,1
SPTSSA,lowest,False,False,UNKNOWN,1
BPHL,lowest,False,False,UNKNOWN,1
ICAM1,low,False,False,UNKNOWN,2
SLC25A19,lowest,False,False,UNKNOWN,1
HP,low,False,False,UNKNOWN,2
EIF4G3,lowest,False,False,UNKNOWN,1
SNTG2,lowest,False,False,UNKNOWN,1
ATP5MC3,lowest,False,False,UNKNOWN,1
ARHGEF9,lowest,False,False,UNKNOWN,1
MIPEP,lowest,False,False,UNKNOWN,1
CALD1,lowest,False,False,UNKNOWN,1
TBX3,lowest,False,False,UNKNOWN,1
PDE9A,lowest,False,False,UNKNOWN,1
MTFP1,lowest,False,False,UNKNOWN,1
CD2AP,lowest,False,False,UNKNOWN,1
PGK1,lowest,False,False,UNKNOWN,1
EIF4A1,lowest,False,False,UNKNOWN,1
EEF2K,lowest,False,False,UNKNOWN,1
ELOVL5,lowest,False,False,UNKNOWN,1
CHRNA7,moderate,True,False,PRO,1
MRPS5,moderate,True,False,PRO,3
ADRA1A,highest,True,False,PRO,3
ADRA1B,lowest,False,True,ANTI,1
AKT2,high,True,True,PRO,5
CASP2,lowest,False,True,ANTI,2
CDC14B,lowest,False,False,UNKNOWN,2
DMD,low,False,True,ANTI,3
NOTCH3,moderate,True,False,PRO,3
HTR1B,lowest,False,True,ANTI,2
VCL,moderate,True,False,PRO,2
PDE4D,lowest,False,False,UNKNOWN,1
TXNRD1,lowest,False,False,UNKNOWN,1
SMAD2,lowest,False,False,UNKNOWN,1
SMAD3,lowest,False,False,UNKNOWN,1
GGH,lowest,False,False,UNKNOWN,1
MSH2,low,False,True,ANTI,2
SURF1,high,True,False,PRO,3
TOPORS,high,True,True,MIXED,3
RPS6KB1,highest,True,False,PRO,4
PRKAR2B,high,True,False,MIXED,2
GDF15,high,True,False,PRO,2
RBM38,lowest,False,True,ANTI,2
MSTN,highest,True,True,PRO,5
SIGLEC12,lowest,False,True,ANTI,2
G6PD,high,True,True,MIXED,4
MTBP,high,True,False,PRO,2
GMFB,lowest,False,True,ANTI,2
PER2,high,True,False,PRO,2
SOD3,low,False,True,ANTI,3
CDKN2B-AS1,lowest,False,False,UNKNOWN,1
TELO2,moderate,True,False,PRO,1
FST,high,True,False,PRO,3
MAPK10,moderate,True,True,ANTI,2
NOTCH1,moderate,True,False,PRO,2
NOTCH2,moderate,True,False,PRO,2
TH,lowest,False,False,UNKNOWN,1
TIRAP,lowest,False,False,UNKNOWN,1
HNF4A,lowest,False,False,UNKNOWN,1
IL1RN,lowest,False,False,UNKNOWN,1
MAP3K9,lowest,False,False,UNKNOWN,1
TNKS2,lowest,False,False,UNKNOWN,1
TEP1,lowest,False,False,UNKNOWN,1
MIR3156-3,lowest,False,False,UNKNOWN,1
AKR1C2,lowest,False,False,UNKNOWN,1
FAM13A,lowest,False,False,UNKNOWN,1
BEND4,lowest,False,False,UNKNOWN,1
EPHA6,lowest,False,False,UNKNOWN,1
ZFYVE28,lowest,False,False,UNKNOWN,1
ASIC2,lowest,False,False,UNKNOWN,1
OLFM4,lowest,False,False,UNKNOWN,1
CYP1B1,low,False,False,UNKNOWN,2
XRCC1,lowest,False,False,UNKNOWN,1
MRE11,lowest,False,False,UNKNOWN,1
AOX1,lowest,False,False,UNKNOWN,1
RAD23B,low,False,False,UNKNOWN,2
PRDX3,lowest,False,False,UNKNOWN,1
IDE,lowest,False,False,UNKNOWN,1
EXO1,lowest,False,False,UNKNOWN,1
GHSR,lowest,False,False,UNKNOWN,1
LONP1,lowest,False,False,UNKNOWN,1
PARK7,lowest,False,False,UNKNOWN,1
CYP19A1,lowest,False,False,UNKNOWN,1
KCNA5,lowest,False,False,UNKNOWN,1
CSMD1,lowest,False,False,UNKNOWN,1
IMPG1,lowest,False,False,UNKNOWN,1
PKHD1,lowest,False,False,UNKNOWN,1
SYDE2,lowest,False,False,UNKNOWN,1
BRD1,lowest,False,False,UNKNOWN,1
SLC39A11,lowest,False,False,UNKNOWN,1
STK10,lowest,False,False,UNKNOWN,1
ZFP69B,lowest,False,False,UNKNOWN,1
PGGT1B,lowest,False,False,UNKNOWN,1
FSTL5,lowest,False,False,UNKNOWN,1
NOTCH4,lowest,False,False,UNKNOWN,1
CYP1B1-AS1,lowest,False,False,UNKNOWN,1
LNPK,lowest,False,False,UNKNOWN,1
FRK,lowest,False,False,UNKNOWN,1
DRD2,lowest,False,False,UNKNOWN,1
SLC6A3,lowest,False,False,UNKNOWN,1
TOMM40,lowest,False,False,UNKNOWN,1
BTNL2,lowest,False,False,UNKNOWN,1
TNFSF8,lowest,False,False,UNKNOWN,1
C2,lowest,False,False,UNKNOWN,1
CFB,lowest,False,False,UNKNOWN,1
VASH1,lowest,False,False,UNKNOWN,1
AIF1,lowest,False,False,UNKNOWN,1
LRP1B,lowest,False,False,UNKNOWN,1
DZIP3,lowest,False,False,UNKNOWN,1
RAD51B,lowest,False,False,UNKNOWN,1
KIF13B,lowest,False,False,UNKNOWN,1
KLRF1,lowest,False,False,UNKNOWN,1
ELL2,lowest,False,False,UNKNOWN,1
TOX,lowest,False,False,UNKNOWN,1
SLC4A4,lowest,False,False,UNKNOWN,1
WWOX,lowest,False,False,UNKNOWN,1
BTBD9,lowest,False,False,UNKNOWN,1
HPCAL1,lowest,False,False,UNKNOWN,1
CLSTN2,lowest,False,False,UNKNOWN,1
PPP1R26,lowest,False,False,UNKNOWN,0
CDH4,lowest,False,False,UNKNOWN,1
NLRC5,lowest,False,False,UNKNOWN,1
PARVG,lowest,False,False,UNKNOWN,1
RUNX3,lowest,False,False,UNKNOWN,1
CARS1,lowest,False,False,UNKNOWN,1
PPP2R2C,lowest,False,False,UNKNOWN,1
TAFA5,lowest,False,False,UNKNOWN,1
RAC2,lowest,False,False,UNKNOWN,1
CACNA1C,lowest,False,False,UNKNOWN,1
TGFA,low,False,False,UNKNOWN,2
SVEP1,lowest,False,False,UNKNOWN,1
NCAM2,lowest,False,False,UNKNOWN,1
IGFBP4,lowest,False,False,UNKNOWN,1
IGFBP6,lowest,False,False,UNKNOWN,1
GRIK2,lowest,False,False,UNKNOWN,1
RGS7,lowest,False,False,UNKNOWN,1
SOX6,lowest,False,False,UNKNOWN,1
PFKM,lowest,False,False,UNKNOWN,1
LIMCH1,lowest,False,False,UNKNOWN,1
MACF1,lowest,False,False,UNKNOWN,1
PDE4DIP,lowest,False,False,UNKNOWN,1
TXNIP,lowest,False,False,UNKNOWN,1
PRPF3,lowest,False,False,UNKNOWN,1
SLC27A3,lowest,False,False,UNKNOWN,1
PYHIN1,lowest,False,False,UNKNOWN,1
GPR137B,lowest,False,False,UNKNOWN,1
HADHA,lowest,False,False,UNKNOWN,1
EML4,lowest,False,False,UNKNOWN,1
NRXN1,lowest,False,False,UNKNOWN,1
SPTBN1,lowest,False,False,UNKNOWN,1
AHSA2P,lowest,False,False,UNKNOWN,1
KLF7,lowest,False,False,UNKNOWN,1
IL17RC,lowest,False,False,UNKNOWN,1
ATP2B2,lowest,False,False,UNKNOWN,1
NR2C2,lowest,False,False,UNKNOWN,1
RAB5A,lowest,False,False,UNKNOWN,1
GOLGA4,lowest,False,False,UNKNOWN,1
SCN10A,lowest,False,False,UNKNOWN,1
FLNB,lowest,False,False,UNKNOWN,1
MBD4,lowest,False,False,UNKNOWN,1
NCK1,lowest,False,False,UNKNOWN,1
SKIL,lowest,False,False,UNKNOWN,1
ZNF141,lowest,False,False,UNKNOWN,1
DHX15,lowest,False,False,UNKNOWN,1
TLR1,lowest,False,False,UNKNOWN,1
CXCL2,lowest,False,False,UNKNOWN,1
HERC6,lowest,False,False,UNKNOWN,1
MTTP,lowest,False,False,UNKNOWN,1
ERAP2,lowest,False,False,UNKNOWN,1
PAM,lowest,False,False,UNKNOWN,1
ATG12,lowest,False,False,UNKNOWN,1
PPIC,lowest,False,False,UNKNOWN,1
ARAP3,lowest,False,False,UNKNOWN,1
NUP153,lowest,False,False,UNKNOWN,1
TRIM38,lowest,False,False,UNKNOWN,1
HLA-DRB5,lowest,False,False,UNKNOWN,1
HSP90AB1,lowest,False,False,UNKNOWN,1
LPA,lowest,False,False,UNKNOWN,1
AGFG2,lowest,False,False,UNKNOWN,1
RELN,lowest,False,False,UNKNOWN,1
COG5,lowest,False,False,UNKNOWN,1
MRPS28,lowest,False,False,UNKNOWN,1
CPNE3,lowest,False,False,UNKNOWN,1
INVS,lowest,False,False,UNKNOWN,1
POMT1,lowest,False,False,UNKNOWN,1
GDI2,lowest,False,False,UNKNOWN,1
SUPV3L1,lowest,False,False,UNKNOWN,1
GRK5,lowest,False,False,UNKNOWN,1
RRM1,lowest,False,False,UNKNOWN,1
TAF6L,lowest,False,False,UNKNOWN,1
STX5,lowest,False,False,UNKNOWN,1
PITPNM1,lowest,False,False,UNKNOWN,1
ZBTB44,lowest,False,False,UNKNOWN,1
ETV6,lowest,False,False,UNKNOWN,1
GCN1,lowest,False,False,UNKNOWN,1
EP400,lowest,False,False,UNKNOWN,1
SACS,lowest,False,False,UNKNOWN,1
GPC5,lowest,False,False,UNKNOWN,1
ZBTB25,lowest,False,False,UNKNOWN,1
ACTN1,lowest,False,False,UNKNOWN,1
SLC12A6,lowest,False,False,UNKNOWN,1
FURIN,lowest,False,False,UNKNOWN,1
CHTF18,lowest,False,False,UNKNOWN,1
TBL3,lowest,False,False,UNKNOWN,1
SRRM2,lowest,False,False,UNKNOWN,1
ZNF267,lowest,False,False,UNKNOWN,1
AARS1,lowest,False,False,UNKNOWN,1
ZFHX3,lowest,False,False,UNKNOWN,1
TAX1BP3,lowest,False,False,UNKNOWN,1
USP6,lowest,False,False,UNKNOWN,1
RABEP1,lowest,False,False,UNKNOWN,1
PCGF2,lowest,False,False,UNKNOWN,1
ABCA8,lowest,False,False,UNKNOWN,1
ABCA5,lowest,False,False,UNKNOWN,1
FDXR,lowest,False,True,ANTI,1
YES1,lowest,False,False,UNKNOWN,1
MC2R,lowest,False,False,UNKNOWN,1
WDR87,lowest,False,False,UNKNOWN,1
FCGBP,lowest,False,False,UNKNOWN,1
CYP2A6,lowest,False,False,UNKNOWN,1
ZNF226,lowest,False,False,UNKNOWN,1
ZNF415,lowest,False,False,UNKNOWN,1
NOP56,lowest,False,False,UNKNOWN,1
PHF20,lowest,False,False,UNKNOWN,1
SON,lowest,False,False,UNKNOWN,1
RRP1B,lowest,False,False,UNKNOWN,1
SUMO3,lowest,False,False,UNKNOWN,1
PRR5,lowest,False,False,UNKNOWN,1
IGBP1,lowest,False,False,UNKNOWN,1
ATP1B4,lowest,False,False,UNKNOWN,1
ARHGEF6,lowest,False,False,UNKNOWN,1
RBMX,lowest,False,False,UNKNOWN,1
SH2B3,low,False,False,UNKNOWN,2
ABO,lowest,False,False,UNKNOWN,1
HYKK,lowest,False,False,UNKNOWN,1
CELSR2,lowest,False,False,UNKNOWN,1
CHRNA5,lowest,False,False,UNKNOWN,1
ATXN2,lowest,False,False,UNKNOWN,1
PROX2,lowest,False,False,UNKNOWN,1
CHRNA3,lowest,False,False,UNKNOWN,1
ZW10,lowest,False,False,UNKNOWN,1
EXOC3L2,lowest,False,False,UNKNOWN,1
CHRNA4,lowest,False,False,UNKNOWN,1
USP42,lowest,False,False,UNKNOWN,1
TMTC2,lowest,False,False,UNKNOWN,1
MAGI3,lowest,False,False,UNKNOWN,1
KCNK3,lowest,False,False,UNKNOWN,1
HLA-DQA1,low,False,False,UNKNOWN,2
TMEM18,lowest,False,False,UNKNOWN,1
POM121C,lowest,False,False,UNKNOWN,1
ZC3HC1,lowest,False,False,UNKNOWN,1
BCL3,lowest,False,False,UNKNOWN,1
RNASE1,lowest,False,False,UNKNOWN,1
CCN5,lowest,False,False,UNKNOWN,1
SPON1,lowest,False,False,UNKNOWN,1
DSC2,lowest,False,False,UNKNOWN,1
HLA-DPB1,lowest,False,False,UNKNOWN,1
TNFSF14,lowest,False,False,UNKNOWN,1
HERC4,lowest,False,False,UNKNOWN,1
ECE1,lowest,False,False,UNKNOWN,1
CD27,lowest,False,False,UNKNOWN,1
ARFIP1,lowest,False,False,UNKNOWN,1
SLAMF7,lowest,False,False,UNKNOWN,1
SLPI,lowest,False,False,UNKNOWN,1
MRC1,lowest,False,False,UNKNOWN,1
NELL2,lowest,False,False,UNKNOWN,1
VEGFD,lowest,False,False,UNKNOWN,1
TLR4,lowest,False,False,UNKNOWN,1
DSC1,lowest,False,False,UNKNOWN,1
ITPKA,lowest,False,False,UNKNOWN,1
SERPINA4,lowest,False,False,UNKNOWN,1
PITPNB,lowest,False,False,UNKNOWN,1
SRSF6,lowest,False,False,UNKNOWN,1
CD55,lowest,False,False,UNKNOWN,1
BAMBI,lowest,False,False,UNKNOWN,1
DDX23,lowest,False,False,UNKNOWN,1
ASCC1,lowest,False,False,UNKNOWN,1
ARHGEF7,lowest,False,False,UNKNOWN,1
DUSP6,lowest,False,False,UNKNOWN,1
TNFRSF21,lowest,False,False,UNKNOWN,1
IL18,lowest,False,False,UNKNOWN,1
CD59,lowest,False,False,UNKNOWN,1
DUT,lowest,False,False,UNKNOWN,1
HLA-DMA,lowest,False,False,UNKNOWN,1
NAPB,lowest,False,False,UNKNOWN,1
YWHAB,lowest,False,False,UNKNOWN,1
ST6GALNAC2,lowest,False,False,UNKNOWN,1
HNRNPM,lowest,False,False,UNKNOWN,1
IFI16,lowest,False,False,UNKNOWN,1
SPHK2,lowest,False,False,UNKNOWN,1
C1S,lowest,False,False,UNKNOWN,1
TBCA,lowest,False,False,UNKNOWN,1
APBB3,lowest,False,False,UNKNOWN,1
FCMR,lowest,False,False,UNKNOWN,1
AGT,lowest,False,False,UNKNOWN,1
CRIM1,lowest,False,False,UNKNOWN,1
B4GALT1,lowest,False,False,UNKNOWN,1
AK2,lowest,False,False,UNKNOWN,1
MGAT4A,lowest,False,False,UNKNOWN,1
H1-10,lowest,False,False,UNKNOWN,1
NECTIN3,lowest,False,False,UNKNOWN,1
GHRL,lowest,False,False,UNKNOWN,1
RPN1,lowest,False,False,UNKNOWN,1
CBS,lowest,False,False,UNKNOWN,1
ITM2B,lowest,False,False,UNKNOWN,1
HNRNPK,lowest,False,False,UNKNOWN,1
EGLN1,lowest,False,False,UNKNOWN,1
PRKCB,low,False,False,UNKNOWN,2
MAP3K7,lowest,False,False,UNKNOWN,1
MCTS1,lowest,False,False,UNKNOWN,1
MAPK1,lowest,False,False,UNKNOWN,1
NUDT8,lowest,False,False,UNKNOWN,1
HNRNPR,lowest,False,False,UNKNOWN,1
FLNA,lowest,False,False,UNKNOWN,1
NUP98,lowest,False,False,UNKNOWN,1
CA4,lowest,False,False,UNKNOWN,1
SH2D1A,lowest,False,False,UNKNOWN,1
TMEM185A,lowest,False,False,UNKNOWN,1
B3GLCT,lowest,False,False,UNKNOWN,1
NPM1,lowest,False,False,UNKNOWN,1
SMC3,lowest,False,False,UNKNOWN,1
MTX2,lowest,False,False,UNKNOWN,1
RBM23,lowest,False,False,UNKNOWN,1
C1QBP,lowest,False,False,UNKNOWN,1
PHF3,lowest,False,False,UNKNOWN,1
PLSCR3,lowest,False,False,UNKNOWN,1
HNRNPA1,lowest,False,False,UNKNOWN,1
CTBS,lowest,False,False,UNKNOWN,1
CXCL10,lowest,False,False,UNKNOWN,1
UGP2,lowest,False,False,UNKNOWN,1
RRBP1,lowest,False,False,UNKNOWN,1
NSG1,lowest,False,False,UNKNOWN,1
PKM,lowest,False,False,UNKNOWN,1
GAD1,lowest,False,False,UNKNOWN,1
S100A12,lowest,False,False,UNKNOWN,1
SATB1,lowest,False,False,UNKNOWN,1
APOD,lowest,False,False,UNKNOWN,1
C1QL1,lowest,False,False,UNKNOWN,1
PAPSS1,lowest,False,False,UNKNOWN,1
SELL,lowest,False,False,UNKNOWN,1
GFRA2,lowest,False,False,UNKNOWN,1
YWHAE,lowest,False,False,UNKNOWN,1
NT5C2,lowest,False,False,UNKNOWN,1
DUSP4,lowest,False,False,UNKNOWN,1
HNRNPAB,lowest,False,False,UNKNOWN,1
ATP5PF,lowest,False,False,UNKNOWN,1
NBR1,lowest,False,False,UNKNOWN,1
NR4A1,lowest,False,False,UNKNOWN,1
DEFA1,lowest,False,False,UNKNOWN,1
CD44,lowest,False,False,UNKNOWN,1
CLEC2B,lowest,False,False,UNKNOWN,1
VAMP3,lowest,False,False,UNKNOWN,1
CD5,lowest,False,False,UNKNOWN,1
KAZALD1,lowest,False,False,UNKNOWN,1
FLT3LG,lowest,False,False,UNKNOWN,1
MDH2,lowest,False,False,UNKNOWN,1
OLFM1,lowest,False,False,UNKNOWN,1
DEAF1,lowest,False,False,UNKNOWN,1
ENPP5,lowest,False,False,UNKNOWN,1
APBB1,lowest,False,False,UNKNOWN,1
RNGTT,lowest,False,False,UNKNOWN,1
S100A4,lowest,False,False,UNKNOWN,1
DCK,lowest,False,False,UNKNOWN,1
PTPN6,lowest,False,False,UNKNOWN,1
APOBEC3G,lowest,False,False,UNKNOWN,1
FCGR3B,lowest,False,False,UNKNOWN,1
CBX5,lowest,False,False,UNKNOWN,1
SCN4B,lowest,False,False,UNKNOWN,1
ARHGAP45,lowest,False,False,UNKNOWN,1
DERL1,lowest,False,False,UNKNOWN,1
HIBCH,lowest,False,False,UNKNOWN,1
TWF1,lowest,False,False,UNKNOWN,1
DLD,lowest,False,False,UNKNOWN,1
BACH2,lowest,False,False,UNKNOWN,1
FKBP14,lowest,False,False,UNKNOWN,1
MTIF3,lowest,False,False,UNKNOWN,1
UTS2,lowest,False,False,UNKNOWN,1
TNFAIP8,lowest,False,False,UNKNOWN,1
CUL4B,lowest,False,False,UNKNOWN,1
TGFBR2,lowest,False,False,UNKNOWN,1
BIN1,lowest,False,False,UNKNOWN,1
RAB18,lowest,False,False,UNKNOWN,1
DNAJA2,lowest,False,False,UNKNOWN,1
USP25,lowest,False,False,UNKNOWN,1
NDUFB8,lowest,False,False,UNKNOWN,1
DIDO1,lowest,False,False,UNKNOWN,1
IL16,lowest,False,False,UNKNOWN,1
RPS6KA5,lowest,False,False,UNKNOWN,1
KLC1,lowest,False,False,UNKNOWN,1
DPEP2,lowest,False,False,UNKNOWN,1
NISCH,lowest,False,False,UNKNOWN,1
PRKCQ,lowest,False,False,UNKNOWN,1
CEP57,lowest,False,False,UNKNOWN,1
HGS,lowest,False,False,UNKNOWN,1
CLIC1,lowest,False,False,UNKNOWN,1
TNFRSF10B,lowest,False,False,UNKNOWN,1
TPI1,lowest,False,False,UNKNOWN,1
KRT1,lowest,False,False,UNKNOWN,1
ADAM10,lowest,False,False,UNKNOWN,1
CYCS,lowest,False,False,UNKNOWN,1
PPIA,lowest,False,False,UNKNOWN,1
CSNK2A2,lowest,False,False,UNKNOWN,1
CLEC11A,lowest,False,False,UNKNOWN,1
CD80,lowest,False,False,UNKNOWN,1
QKI,lowest,False,False,UNKNOWN,1
SNCA,lowest,False,False,UNKNOWN,1
NECTIN2,lowest,False,False,UNKNOWN,1
MFAP3L,lowest,False,False,UNKNOWN,1
PPFIA1,lowest,False,False,UNKNOWN,1
CPT1B,lowest,False,False,UNKNOWN,1
CD7,lowest,False,False,UNKNOWN,1
PABPC4,lowest,False,False,UNKNOWN,1
RAD23A,lowest,False,False,UNKNOWN,1
HSP90B1,lowest,False,False,UNKNOWN,1
SELPLG,lowest,False,False,UNKNOWN,1
TXNDC11,lowest,False,False,UNKNOWN,1
GLRX2,lowest,False,False,UNKNOWN,1
PRKCI,lowest,False,False,UNKNOWN,1
CX3CL1,lowest,False,False,UNKNOWN,1
QSOX1,lowest,False,False,UNKNOWN,1
SGTA,lowest,False,False,UNKNOWN,1
FAXDC2,lowest,False,False,UNKNOWN,1
NME1,lowest,False,False,UNKNOWN,1
SMAD4,lowest,False,False,UNKNOWN,1
SBDS,lowest,False,False,UNKNOWN,1
PNKP,lowest,False,False,UNKNOWN,1
POLI,lowest,False,False,UNKNOWN,1
PRKCG,lowest,False,False,UNKNOWN,1
GRK2,lowest,False,False,UNKNOWN,1
MICB,lowest,False,False,UNKNOWN,1
MAD1L1,lowest,False,False,UNKNOWN,1
DPYSL3,lowest,False,False,UNKNOWN,1
PIK3C2A,lowest,False,False,UNKNOWN,1
EIF5A,moderate,True,False,PRO,2
PPP2R1A,lowest,False,False,UNKNOWN,1
AASS,lowest,False,False,UNKNOWN,1
ABCA9,lowest,False,False,UNKNOWN,1
ABCD3,lowest,False,False,UNKNOWN,1
ABCG1,lowest,False,False,UNKNOWN,1
ABCG2,lowest,False,False,UNKNOWN,1
ABHD1,lowest,False,False,UNKNOWN,1
ABLIM1,lowest,False,False,UNKNOWN,1
ABLIM2,lowest,False,False,UNKNOWN,1
ACAA2,lowest,False,False,UNKNOWN,1
ACADVL,lowest,False,False,UNKNOWN,1
ACF,lowest,False,False,UNKNOWN,1
ACKR2,lowest,False,False,UNKNOWN,1
SDHAF3,lowest,False,False,UNKNOWN,1
ACOT9,lowest,False,False,UNKNOWN,1
ACP1,lowest,False,False,UNKNOWN,1
ACP2,lowest,False,False,UNKNOWN,1
ACRV1,lowest,False,False,UNKNOWN,1
ACSBG1,lowest,False,False,UNKNOWN,1
ACSL5,lowest,False,False,UNKNOWN,1
ACTA1,lowest,False,False,UNKNOWN,1
ACTN4,lowest,False,False,UNKNOWN,1
ACY3,lowest,False,False,UNKNOWN,1
TMEM167B,lowest,False,False,UNKNOWN,1
ADAM8,lowest,False,False,UNKNOWN,1
ADCY3,lowest,False,False,UNKNOWN,1
ADH1B,lowest,False,False,UNKNOWN,1
ADIRF,lowest,False,False,UNKNOWN,1
ADPRS,lowest,False,False,UNKNOWN,1
AGO2,lowest,False,False,UNKNOWN,1
AGPAT1,lowest,False,False,UNKNOWN,1
ETNPPL,lowest,False,False,UNKNOWN,1
AHCYL1,lowest,False,False,UNKNOWN,1
AHNAK,lowest,False,False,UNKNOWN,1
AHR,lowest,False,False,UNKNOWN,1
AIP,lowest,False,False,UNKNOWN,1
AKAP8,lowest,False,False,UNKNOWN,1
AKTIP,lowest,False,False,UNKNOWN,1
ALDH1B1,lowest,False,False,UNKNOWN,1
ALDH6A1,lowest,False,False,UNKNOWN,1
ALDH9A1,lowest,False,False,UNKNOWN,1
ALKBH7,lowest,False,False,UNKNOWN,1
ALOX5AP,lowest,False,False,UNKNOWN,1
STRADB,lowest,False,False,UNKNOWN,1
ANAPC5,lowest,False,False,UNKNOWN,1
ANK3,lowest,False,False,UNKNOWN,1
ANKRD13C,lowest,False,False,UNKNOWN,1
NUSAP1,lowest,False,False,UNKNOWN,1
ANXA3,lowest,False,False,UNKNOWN,1
ANXA4,lowest,False,False,UNKNOWN,1
KDM1A,lowest,False,False,UNKNOWN,1
AP3S1,lowest,False,False,UNKNOWN,1
AP4S1,lowest,False,False,UNKNOWN,1
TXNDC9,lowest,False,False,UNKNOWN,1
API5,lowest,False,False,UNKNOWN,1
APOBEC3A,lowest,False,False,UNKNOWN,1
APPBP2,lowest,False,False,UNKNOWN,1
ARF3,lowest,False,False,UNKNOWN,1
ARFGEF1,lowest,False,False,UNKNOWN,1
ARHGEF3,lowest,False,False,UNKNOWN,1
ARIH1,lowest,False,False,UNKNOWN,1
ARPP19,lowest,False,False,UNKNOWN,1
ASB12,lowest,False,False,UNKNOWN,1
ASCL1,lowest,False,False,UNKNOWN,1
ASF1A,lowest,False,False,UNKNOWN,1
ASMTL,lowest,False,False,UNKNOWN,1
ASXL1,lowest,False,False,UNKNOWN,1
ATG4B,lowest,False,False,UNKNOWN,1
ATP5F1C,lowest,False,False,UNKNOWN,1
ATP5F1A,lowest,False,False,UNKNOWN,1
ATP5MC1,lowest,False,False,UNKNOWN,1
ATP5PD,lowest,False,False,UNKNOWN,1
ATP5ME,lowest,False,False,UNKNOWN,1
ATP6V0B,lowest,False,False,UNKNOWN,1
ATP6V1A,lowest,False,False,UNKNOWN,1
ATP6V1G2,lowest,False,False,UNKNOWN,1
ATP6V1H,lowest,False,False,UNKNOWN,1
ATP7A,lowest,False,False,UNKNOWN,1
ATRX,lowest,False,False,UNKNOWN,1
B3GALNT1,lowest,False,False,UNKNOWN,1
B4GAT1,lowest,False,False,UNKNOWN,1
B3GNT2,lowest,False,False,UNKNOWN,1
BBOX1,lowest,False,False,UNKNOWN,1
BCL11A,lowest,False,False,UNKNOWN,1
BCL11B,lowest,False,False,UNKNOWN,1
TRIM58,lowest,False,False,UNKNOWN,1
BLMH,lowest,False,False,UNKNOWN,1
BMP5,lowest,False,False,UNKNOWN,1
BNIP3,lowest,False,False,UNKNOWN,1
BNIP3L,lowest,False,False,UNKNOWN,1
BOP1,lowest,False,False,UNKNOWN,1
BRAF,lowest,False,False,UNKNOWN,1
BRAP,lowest,False,False,UNKNOWN,1
BRD2,lowest,False,False,UNKNOWN,1
BRF2,lowest,False,False,UNKNOWN,1
BTNL3,lowest,False,False,UNKNOWN,1
C1QC,lowest,False,False,UNKNOWN,1
C3AR1,lowest,False,False,UNKNOWN,1
C4A,lowest,False,False,UNKNOWN,1
C5,lowest,False,False,UNKNOWN,1
C5AR1,lowest,False,False,UNKNOWN,1
CA14,lowest,False,False,UNKNOWN,1
CA2,lowest,False,False,UNKNOWN,1
CACNB1,lowest,False,False,UNKNOWN,1
CACNB2,lowest,False,False,UNKNOWN,1
CACNG4,lowest,False,False,UNKNOWN,1
CALB1,lowest,False,False,UNKNOWN,1
CALB2,lowest,False,False,UNKNOWN,1
CALM1,lowest,False,False,UNKNOWN,1
CAMK4,lowest,False,False,UNKNOWN,1
CAMKK2,lowest,False,False,UNKNOWN,1
CAP2,lowest,False,False,UNKNOWN,1
CAPN7,lowest,False,False,UNKNOWN,1
CAPZA2,lowest,False,False,UNKNOWN,1
CASP10,lowest,False,False,UNKNOWN,1
CAV2,lowest,False,False,UNKNOWN,1
CBLB,lowest,False,False,UNKNOWN,1
CCKBR,lowest,False,False,UNKNOWN,1
CCL5,low,False,False,UNKNOWN,2
CCNG2,lowest,False,False,UNKNOWN,1
CCNL2,lowest,False,False,UNKNOWN,1
CCR1,lowest,False,False,UNKNOWN,1
CCR7,lowest,False,False,UNKNOWN,1
TNFRSF4,lowest,False,False,UNKNOWN,1
CD14,lowest,False,False,UNKNOWN,1
CD244,lowest,False,False,UNKNOWN,1
CD3G,lowest,False,False,UNKNOWN,1
CD46,lowest,False,False,UNKNOWN,1
CD47,lowest,False,False,UNKNOWN,1
CD58,lowest,False,False,UNKNOWN,1
CD96,lowest,False,False,UNKNOWN,1
ADGRE5,lowest,False,False,UNKNOWN,1
CDC26,lowest,False,False,UNKNOWN,1
CDK13,lowest,False,False,UNKNOWN,1
CDC40,lowest,False,False,UNKNOWN,1
CDC5L,lowest,False,False,UNKNOWN,1
CDH13,lowest,False,False,UNKNOWN,1
CDH22,lowest,False,False,UNKNOWN,1
CDHR2,lowest,False,False,UNKNOWN,1
CDK11A,lowest,False,False,UNKNOWN,1
CDK2,lowest,False,False,UNKNOWN,1
CDK5R1,lowest,False,False,UNKNOWN,1
CDO1,lowest,False,False,UNKNOWN,1
CDV3,lowest,False,False,UNKNOWN,1
CEACAM4,lowest,False,False,UNKNOWN,1
CELF1,lowest,False,False,UNKNOWN,1
CELF2,lowest,False,False,UNKNOWN,1
CENPO,lowest,False,False,UNKNOWN,1
ADAP1,lowest,False,False,UNKNOWN,1
CFDP1,lowest,False,False,UNKNOWN,1
CFH,lowest,False,False,UNKNOWN,1
CFHR1,lowest,False,False,UNKNOWN,1
TMBIM4,lowest,False,False,UNKNOWN,1
DPH5,lowest,False,False,UNKNOWN,1
TPPP3,lowest,False,False,UNKNOWN,1
SAMM50,lowest,False,False,UNKNOWN,1
CHCHD3,lowest,False,False,UNKNOWN,1
CHPT1,lowest,False,False,UNKNOWN,1
CHRNA1,lowest,False,False,UNKNOWN,1
CHST2,lowest,False,False,UNKNOWN,1
CITED2,lowest,False,False,UNKNOWN,1
CKLF,lowest,False,False,UNKNOWN,1
CMTM7,lowest,False,False,UNKNOWN,1
CLDN5,lowest,False,False,UNKNOWN,1
CLIC2,lowest,False,False,UNKNOWN,1
CLIP1,lowest,False,False,UNKNOWN,1
CLK1,lowest,False,False,UNKNOWN,1
CLN8,lowest,False,False,UNKNOWN,1
CLSTN1,lowest,False,False,UNKNOWN,1
CLTB,lowest,False,False,UNKNOWN,1
CNIH4,lowest,False,False,UNKNOWN,1
CNOT8,lowest,False,False,UNKNOWN,1
CNTN1,lowest,False,False,UNKNOWN,1
COBLL1,lowest,False,False,UNKNOWN,1
COMT,lowest,False,False,UNKNOWN,1
COPA,lowest,False,False,UNKNOWN,1
COPS6,lowest,False,False,UNKNOWN,1
COQ3,lowest,False,False,UNKNOWN,1
COX10,lowest,False,False,UNKNOWN,1
COX11,lowest,False,False,UNKNOWN,1
COX7A2P2,lowest,False,False,UNKNOWN,1
CPSF1,lowest,False,False,UNKNOWN,1
CPSF2,lowest,False,False,UNKNOWN,1
CR2,lowest,False,False,UNKNOWN,1
CREBL2,lowest,False,False,UNKNOWN,1
CREBZF,lowest,False,False,UNKNOWN,1
CRH,lowest,False,False,UNKNOWN,1
CRKL,lowest,False,False,UNKNOWN,1
DPYSL5,lowest,False,False,UNKNOWN,1
CS,lowest,False,False,UNKNOWN,1
CSNK1A1,lowest,False,False,UNKNOWN,1
CSPP1,lowest,False,False,UNKNOWN,1
CSRP1,lowest,False,False,UNKNOWN,1
PET117,lowest,False,False,UNKNOWN,1
CSTF3,lowest,False,False,UNKNOWN,1
CTBP1,lowest,False,False,UNKNOWN,1
CTSA,lowest,False,False,UNKNOWN,1
CX3CR1,lowest,False,False,UNKNOWN,1
CXCL1,lowest,False,False,UNKNOWN,1
CXCL5,lowest,False,False,UNKNOWN,1
CXCR3,lowest,False,False,UNKNOWN,1
ACKR3,lowest,False,False,UNKNOWN,1
CYP4X1,lowest,False,False,UNKNOWN,1
CMC2,lowest,False,False,UNKNOWN,1
DCLRE1C,lowest,False,False,UNKNOWN,1
PCBD2,lowest,False,False,UNKNOWN,1
DDT,lowest,False,False,UNKNOWN,1
DDX12P,lowest,False,False,UNKNOWN,1
DDX17,lowest,False,False,UNKNOWN,1
DDX42,lowest,False,False,UNKNOWN,1
DDX55,lowest,False,False,UNKNOWN,1
DECR1,lowest,False,False,UNKNOWN,1
DEDD,lowest,False,False,UNKNOWN,1
DEXI,lowest,False,False,UNKNOWN,1
DFFB,lowest,False,False,UNKNOWN,1
DGCR8,lowest,False,False,UNKNOWN,1
DGKA,lowest,False,False,UNKNOWN,1
DHRS3,lowest,False,False,UNKNOWN,1
DIMT1,lowest,False,False,UNKNOWN,1
DIS3,lowest,False,False,UNKNOWN,1
DLEU1,lowest,False,False,UNKNOWN,1
CENATAC,lowest,False,False,UNKNOWN,1
DMRT2,lowest,False,False,UNKNOWN,1
DNAJC7,lowest,False,False,UNKNOWN,1
DNASE1L1,lowest,False,False,UNKNOWN,1
DPF2,lowest,False,False,UNKNOWN,1
DPYD,lowest,False,False,UNKNOWN,1
DTNBP1,lowest,False,False,UNKNOWN,1
DUSP13,lowest,False,False,UNKNOWN,1
DUSP19,lowest,False,False,UNKNOWN,1
DUSP2,lowest,False,False,UNKNOWN,1
DUSP5,lowest,False,False,UNKNOWN,1
DYNC1H1,lowest,False,False,UNKNOWN,1
DYRK4,lowest,False,False,UNKNOWN,1
E2F4,lowest,False,False,UNKNOWN,1
FAM162A,lowest,False,False,UNKNOWN,1
EBNA1BP2,lowest,False,False,UNKNOWN,1
ECHDC2,lowest,False,False,UNKNOWN,1
ECPAS,lowest,False,False,UNKNOWN,1
ECSIT,lowest,False,False,UNKNOWN,1
EDAR,lowest,False,False,UNKNOWN,1
EDEM3,lowest,False,False,UNKNOWN,1
EFCAB7,lowest,False,False,UNKNOWN,1
EFTUD2,lowest,False,False,UNKNOWN,1
EGR2,lowest,False,False,UNKNOWN,1
EGR3,lowest,False,False,UNKNOWN,1
EHD3,lowest,False,False,UNKNOWN,1
EHMT1,lowest,False,False,UNKNOWN,1
AGO4,lowest,False,False,UNKNOWN,1
EIF4B,lowest,False,False,UNKNOWN,1
EIF4H,lowest,False,False,UNKNOWN,1
ELF2,lowest,False,False,UNKNOWN,1
ELMO3,lowest,False,False,UNKNOWN,1
ADGRE1,lowest,False,False,UNKNOWN,1
ENSA,lowest,False,False,UNKNOWN,1
EPB41,lowest,False,False,UNKNOWN,1
EPB41L2,lowest,False,False,UNKNOWN,1
EPB41L3,lowest,False,False,UNKNOWN,1
EPM2A,lowest,False,False,UNKNOWN,1
ERP27,lowest,False,False,UNKNOWN,1
ETF1,lowest,False,False,UNKNOWN,1
ETFDH,lowest,False,False,UNKNOWN,1
ETNK1,lowest,False,False,UNKNOWN,1
EXOC5,lowest,False,False,UNKNOWN,1
EXOC7,lowest,False,False,UNKNOWN,1
EYA1,lowest,False,False,UNKNOWN,1
F13A1,lowest,False,False,UNKNOWN,1
FAAH,lowest,False,False,UNKNOWN,1
FABP3,lowest,False,False,UNKNOWN,1
FANCC,lowest,False,False,UNKNOWN,1
FASTK,lowest,False,False,UNKNOWN,1
FBXO22,lowest,False,False,UNKNOWN,1
FBXW11,lowest,False,False,UNKNOWN,1
FCER1A,lowest,False,False,UNKNOWN,1
FCER1G,lowest,False,False,UNKNOWN,1
FCGR1A,lowest,False,False,UNKNOWN,1
FCGR2A,lowest,False,False,UNKNOWN,1
FCGRT,lowest,False,False,UNKNOWN,1
FERMT2,lowest,False,False,UNKNOWN,1
FEZ1,lowest,False,False,UNKNOWN,1
FGF1,lowest,False,False,UNKNOWN,1
FGF12,lowest,False,False,UNKNOWN,1
FGF13,lowest,False,False,UNKNOWN,1
FGFR2,lowest,False,False,UNKNOWN,1
FH,lowest,False,False,UNKNOWN,1
FHOD1,lowest,False,False,UNKNOWN,1
FKBP1A,lowest,False,False,UNKNOWN,1
FLI1,lowest,False,False,UNKNOWN,1
FLOT1,lowest,False,False,UNKNOWN,1
FLOT2,lowest,False,False,UNKNOWN,1
FLRT3,lowest,False,False,UNKNOWN,1
FLVCR2,lowest,False,False,UNKNOWN,1
FNTA,lowest,False,False,UNKNOWN,1
FOSL2,lowest,False,False,UNKNOWN,1
FOXC1,lowest,False,False,UNKNOWN,1
FOXG1,lowest,False,False,UNKNOWN,1
FOXJ3,lowest,False,False,UNKNOWN,1
FRMPD4,lowest,False,False,UNKNOWN,1
FRY,lowest,False,False,UNKNOWN,1
FTL,lowest,False,False,UNKNOWN,1
FUBP3,lowest,False,False,UNKNOWN,1
FUS,lowest,False,False,UNKNOWN,1
FUT6,lowest,False,False,UNKNOWN,1
FXR1,lowest,False,False,UNKNOWN,1
FXYD5,lowest,False,False,UNKNOWN,1
FYN,lowest,False,False,UNKNOWN,1
FZR1,lowest,False,False,UNKNOWN,1
G3BP1,lowest,False,False,UNKNOWN,1
GABPA,lowest,False,False,UNKNOWN,1
GABRB3,lowest,False,False,UNKNOWN,1
GABRD,lowest,False,False,UNKNOWN,1
GAL3ST4,lowest,False,False,UNKNOWN,1
GALK2,lowest,False,False,UNKNOWN,1
GALNT7,lowest,False,False,UNKNOWN,1
GAPVD1,lowest,False,False,UNKNOWN,1
GATM,lowest,False,False,UNKNOWN,1
GDA,lowest,False,False,UNKNOWN,1
GET4,lowest,False,False,UNKNOWN,1
GFAP,lowest,False,False,UNKNOWN,1
GFPT1,lowest,False,False,UNKNOWN,1
GGA2,lowest,False,False,UNKNOWN,1
GGA3,lowest,False,False,UNKNOWN,1
GGT1,lowest,False,False,UNKNOWN,1
GIPC1,lowest,False,False,UNKNOWN,1
GIT2,lowest,False,False,UNKNOWN,1
GJA1,lowest,False,False,UNKNOWN,1
GLG1,lowest,False,False,UNKNOWN,1
GLRX3,lowest,False,False,UNKNOWN,1
GNA11,lowest,False,False,UNKNOWN,1
GNA12,lowest,False,False,UNKNOWN,1
GNAQ,lowest,False,False,UNKNOWN,1
GNG12,lowest,False,False,UNKNOWN,1
GOLGB1,lowest,False,False,UNKNOWN,1
GORASP2,lowest,False,False,UNKNOWN,1
GOSR2,lowest,False,False,UNKNOWN,1
GP5,lowest,False,False,UNKNOWN,1
CMKLR2,lowest,False,False,UNKNOWN,1
LGR5,lowest,False,False,UNKNOWN,1
GRAP2,lowest,False,False,UNKNOWN,1
GRIA1,lowest,False,False,UNKNOWN,1
GRIN2A,lowest,False,False,UNKNOWN,1
GSPT1,lowest,False,False,UNKNOWN,1
GUSBP1,lowest,False,False,UNKNOWN,1
GYG1,lowest,False,False,UNKNOWN,1
HABP4,lowest,False,False,UNKNOWN,1
LAMTOR5,lowest,False,False,UNKNOWN,1
FUNDC2,lowest,False,False,UNKNOWN,1
HCRTR2,lowest,False,False,UNKNOWN,1
HDAC4,low,False,False,UNKNOWN,2
HDAC5,lowest,False,False,UNKNOWN,1
HEBP2,lowest,False,False,UNKNOWN,1
HEPH,lowest,False,False,UNKNOWN,1
HERC1,lowest,False,False,UNKNOWN,1
HGH1,lowest,False,False,UNKNOWN,1
HIBADH,lowest,False,False,UNKNOWN,1
HILPDA,lowest,False,False,UNKNOWN,1
HIPK3,lowest,False,False,UNKNOWN,1
H2AC6,lowest,False,False,UNKNOWN,1
H4C3,lowest,False,False,UNKNOWN,1
HLA-B,lowest,False,False,UNKNOWN,1
HLA-C,lowest,False,False,UNKNOWN,1
HLA-F,lowest,False,False,UNKNOWN,1
HMBS,lowest,False,False,UNKNOWN,1
HMGN2,lowest,False,False,UNKNOWN,1
HMGXB4,lowest,False,False,UNKNOWN,1
HMOX2,lowest,False,False,UNKNOWN,1
HNRNPC,lowest,False,False,UNKNOWN,1
HNRNPH2,lowest,False,False,UNKNOWN,1
HNRNPH3,lowest,False,False,UNKNOWN,1
HNRNPL,lowest,False,False,UNKNOWN,1
HNRNPU,lowest,False,False,UNKNOWN,1
HOPX,lowest,False,False,UNKNOWN,1
HOXB2,lowest,False,False,UNKNOWN,1
HPN,lowest,False,False,UNKNOWN,1
HPRT1,lowest,False,False,UNKNOWN,1
AGFG1,lowest,False,False,UNKNOWN,1
TRIOBP,lowest,False,False,UNKNOWN,1
HSD17B6,lowest,False,False,UNKNOWN,1
HSF2,lowest,False,False,UNKNOWN,1
OTUD4,lowest,False,False,UNKNOWN,1
MPHOSPH8,lowest,False,False,UNKNOWN,1
HSPA13,lowest,False,False,UNKNOWN,1
WDR91,lowest,False,False,UNKNOWN,1
ZC3H7A,lowest,False,False,UNKNOWN,1
TRMT112,lowest,False,False,UNKNOWN,1
TIMM21,lowest,False,False,UNKNOWN,1
HYI,lowest,False,False,UNKNOWN,1
HTATSF1,lowest,False,False,UNKNOWN,1
HTR2A,lowest,False,False,UNKNOWN,1
HYPK,lowest,False,False,UNKNOWN,1
CILK1,lowest,False,False,UNKNOWN,1
ID2,lowest,False,False,UNKNOWN,1
IDH3A,lowest,False,False,UNKNOWN,1
IDS,lowest,False,False,UNKNOWN,1
IKZF1,lowest,False,False,UNKNOWN,1
ILF2,lowest,False,False,UNKNOWN,1
ING1,lowest,False,False,UNKNOWN,1
ING2,lowest,False,False,UNKNOWN,1
INPP1,lowest,False,False,UNKNOWN,1
INPP4A,lowest,False,False,UNKNOWN,1
INPP4B,lowest,False,False,UNKNOWN,1
INPP5K,lowest,False,False,UNKNOWN,1
IRF7,lowest,False,False,UNKNOWN,1
ITCH,lowest,False,False,UNKNOWN,1
ITGB1BP2,lowest,False,False,UNKNOWN,1
ITK,lowest,False,False,UNKNOWN,1
ITPKB,lowest,False,False,UNKNOWN,1
ITPRID2,lowest,False,False,UNKNOWN,1
KDM5B,lowest,False,False,UNKNOWN,1
KDM3B,lowest,False,False,UNKNOWN,1
KATNB1,lowest,False,False,UNKNOWN,1
KBTBD6,lowest,False,False,UNKNOWN,1
KCNJ16,lowest,False,False,UNKNOWN,1
KCNJ9,lowest,False,False,UNKNOWN,1
KCNK17,lowest,False,False,UNKNOWN,1
KCNK4,lowest,False,False,UNKNOWN,1
KDM2A,lowest,False,False,UNKNOWN,1
KDM7A,lowest,False,False,UNKNOWN,1
KDSR,lowest,False,False,UNKNOWN,1
KHDRBS1,lowest,False,False,UNKNOWN,1
KIAA1143,lowest,False,False,UNKNOWN,1
KIAA1217,lowest,False,False,UNKNOWN,1
KIF2A,lowest,False,False,UNKNOWN,1
KIF2C,lowest,False,False,UNKNOWN,1
KIF3B,lowest,False,False,UNKNOWN,1
KIF5B,lowest,False,False,UNKNOWN,1
KLF3,lowest,False,False,UNKNOWN,1
KLF5,lowest,False,False,UNKNOWN,1
KLF9,lowest,False,False,UNKNOWN,1
KLRD1,lowest,False,False,UNKNOWN,1
KPNA4,lowest,False,False,UNKNOWN,1
KPNA5,lowest,False,False,UNKNOWN,1
KRT10,lowest,False,False,UNKNOWN,1
KTN1,lowest,False,False,UNKNOWN,1
PEDS1,lowest,False,False,UNKNOWN,1
LACTB,lowest,False,False,UNKNOWN,1
LAMP2,lowest,False,False,UNKNOWN,1
CERS6,lowest,False,False,UNKNOWN,1
LBH,lowest,False,False,UNKNOWN,1
LCK,lowest,False,False,UNKNOWN,1
LGI1,lowest,False,False,UNKNOWN,1
LGTN,lowest,False,False,UNKNOWN,1
LIMK2,lowest,False,False,UNKNOWN,1
LIPT1,lowest,False,False,UNKNOWN,1
LITAF,lowest,False,False,UNKNOWN,1
LMAN1,lowest,False,False,UNKNOWN,1
LNPEP,lowest,False,False,UNKNOWN,1
LOXL4,lowest,False,False,UNKNOWN,1
ADGRL1,lowest,False,False,UNKNOWN,1
IRAG2,lowest,False,False,UNKNOWN,1
LRP8,lowest,False,False,UNKNOWN,1
LSM10,lowest,False,False,UNKNOWN,1
LSM4,lowest,False,False,UNKNOWN,1
LTBP2,lowest,False,False,UNKNOWN,1
ZCRB1,lowest,False,False,UNKNOWN,1
MAFG,lowest,False,False,UNKNOWN,1
MAGED1,lowest,False,False,UNKNOWN,1
MAL,lowest,False,False,UNKNOWN,1
MAN1A2,lowest,False,False,UNKNOWN,1
MAN2A1,lowest,False,False,UNKNOWN,1
MAOA,lowest,False,False,UNKNOWN,1
MAP3K2,lowest,False,False,UNKNOWN,1
MAP3K7CL,lowest,False,False,UNKNOWN,1
MAP3K8,lowest,False,False,UNKNOWN,1
MAP4K1,lowest,False,False,UNKNOWN,1
MAP4K3,lowest,False,False,UNKNOWN,1
MAPK8IP3,lowest,False,False,UNKNOWN,1
MATR3,lowest,False,False,UNKNOWN,1
MBP,lowest,False,False,UNKNOWN,1
MCM4,lowest,False,False,UNKNOWN,1
MCM7,lowest,False,False,UNKNOWN,1
MDC1,lowest,False,False,UNKNOWN,1
MED16,lowest,False,False,UNKNOWN,1
MED21,lowest,False,False,UNKNOWN,1
MED28,lowest,False,False,UNKNOWN,1
MEGF8,lowest,False,False,UNKNOWN,1
METTL1,lowest,False,False,UNKNOWN,1
MFHAS1,lowest,False,False,UNKNOWN,1
MICA,lowest,False,False,UNKNOWN,1
MID2,lowest,False,False,UNKNOWN,1
ALPK3,lowest,False,False,UNKNOWN,1
MIER2,lowest,False,False,UNKNOWN,1
HINFP,lowest,False,False,UNKNOWN,1
MKRN1,lowest,False,False,UNKNOWN,1
MLC1,lowest,False,False,UNKNOWN,1
MLF1,lowest,False,False,UNKNOWN,1
CENPU,lowest,False,False,UNKNOWN,1
MLH3,lowest,False,False,UNKNOWN,1
MLXIP,lowest,False,False,UNKNOWN,1
HERC2P2,lowest,False,False,UNKNOWN,1
MORF4L2,lowest,False,False,UNKNOWN,1
MRPL12,lowest,False,False,UNKNOWN,1
MRPL13,lowest,False,False,UNKNOWN,1
MRPL28,lowest,False,False,UNKNOWN,1
MRPL34,lowest,False,False,UNKNOWN,1
MRPL40,lowest,False,False,UNKNOWN,1
MRPL41,lowest,False,False,UNKNOWN,1
MRPL42,lowest,False,False,UNKNOWN,1
MRPL48,lowest,False,False,UNKNOWN,1
MRPL49,lowest,False,False,UNKNOWN,1
MRPS16,lowest,False,False,UNKNOWN,1
MRPS18B,lowest,False,False,UNKNOWN,1
MRPS24,lowest,False,False,UNKNOWN,1
MSH6,lowest,False,False,UNKNOWN,1
MSRB2,lowest,False,False,UNKNOWN,1
MT1G,lowest,False,False,UNKNOWN,1
MT1L,lowest,False,False,UNKNOWN,1
MT1X,lowest,False,False,UNKNOWN,1
MT2A,lowest,False,False,UNKNOWN,1
MTA2,lowest,False,False,UNKNOWN,1
MTIF2,lowest,False,False,UNKNOWN,1
MTMR4,lowest,False,False,UNKNOWN,1
MTO1,lowest,False,False,UNKNOWN,1
MYBL1,lowest,False,False,UNKNOWN,1
MYD88,lowest,False,False,UNKNOWN,1
MYH8,lowest,False,False,UNKNOWN,1
MYL10,lowest,False,False,UNKNOWN,1
MYL12A,lowest,False,False,UNKNOWN,1
MYO6,lowest,False,False,UNKNOWN,1
NAA38,lowest,False,False,UNKNOWN,1
NAP1L2,lowest,False,False,UNKNOWN,1
NAPA,lowest,False,False,UNKNOWN,1
NAPG,lowest,False,False,UNKNOWN,1
NCBP2AS2,lowest,False,False,UNKNOWN,1
NCF4,lowest,False,False,UNKNOWN,1
NCOA3,lowest,False,False,UNKNOWN,1
NDFIP1,lowest,False,False,UNKNOWN,1
NDUFB10,lowest,False,False,UNKNOWN,1
NDUFB3,lowest,False,False,UNKNOWN,1
NDUFS3,lowest,False,False,UNKNOWN,1
NDUFS4,lowest,False,False,UNKNOWN,1
NEBL,lowest,False,False,UNKNOWN,1
NEDD4,lowest,False,False,UNKNOWN,1
SEPTIN2,lowest,False,False,UNKNOWN,1
NEK11,lowest,False,False,UNKNOWN,1
NEK7,lowest,False,False,UNKNOWN,1
NEU1,lowest,False,False,UNKNOWN,1
NFX1,lowest,False,False,UNKNOWN,1
NFYA,lowest,False,False,UNKNOWN,1
NFYC,lowest,False,False,UNKNOWN,1
PSME3IP1,lowest,False,False,UNKNOWN,1
NIPSNAP3B,lowest,False,False,UNKNOWN,1
C17ORF75,lowest,False,False,UNKNOWN,1
NLRP1,lowest,False,False,UNKNOWN,1
NME3,lowest,False,False,UNKNOWN,1
NNMT,lowest,False,False,UNKNOWN,1
NR1D2,lowest,False,False,UNKNOWN,1
NR4A2,lowest,False,False,UNKNOWN,1
NRCAM,lowest,False,False,UNKNOWN,1
NRM,lowest,False,False,UNKNOWN,1
NSF,lowest,False,False,UNKNOWN,1
NUDT21,lowest,False,False,UNKNOWN,1
NUDT6,lowest,False,False,UNKNOWN,1
NUP188,lowest,False,False,UNKNOWN,1
NUP43,lowest,False,False,UNKNOWN,1
NUP50,lowest,False,False,UNKNOWN,1
NUP58,lowest,False,False,UNKNOWN,1
NUP62,lowest,False,False,UNKNOWN,1
NUP88,lowest,False,False,UNKNOWN,1
NUTF2,lowest,False,False,UNKNOWN,1
NXT2,lowest,False,False,UNKNOWN,1
OAS2,lowest,False,False,UNKNOWN,1
GATAD1,lowest,False,False,UNKNOWN,1
OFD1,lowest,False,False,UNKNOWN,1
OGFOD2,lowest,False,False,UNKNOWN,1
OGG1,lowest,False,False,UNKNOWN,1
OGT,lowest,False,False,UNKNOWN,1
EXOSC8,lowest,False,False,UNKNOWN,1
OLIG2,lowest,False,False,UNKNOWN,1
OR10C1,lowest,False,False,UNKNOWN,1
ORC5,lowest,False,False,UNKNOWN,1
OSBPL8,lowest,False,False,UNKNOWN,1
OSBPL9,lowest,False,False,UNKNOWN,1
OXA1L,lowest,False,False,UNKNOWN,1
P2RX5,lowest,False,False,UNKNOWN,1
P2RY14,lowest,False,False,UNKNOWN,1
LPAR6,lowest,False,False,UNKNOWN,1
PACS1,lowest,False,False,UNKNOWN,1
PAFAH1B1,lowest,False,False,UNKNOWN,1
PAFAH1B3,lowest,False,False,UNKNOWN,1
PAIP1,lowest,False,False,UNKNOWN,1
PAK1IP1,lowest,False,False,UNKNOWN,1
PALLD,lowest,False,False,UNKNOWN,1
PANX1,lowest,False,False,UNKNOWN,1
PANX2,lowest,False,False,UNKNOWN,1
PAPOLA,lowest,False,False,UNKNOWN,1
PARD6A,lowest,False,False,UNKNOWN,1
ARHGAP29,lowest,False,False,UNKNOWN,1
PATZ1,lowest,False,False,UNKNOWN,1
PBXIP1,lowest,False,False,UNKNOWN,1
PCBD1,lowest,False,False,UNKNOWN,1
PCCA,lowest,False,False,UNKNOWN,1
PCDH17,lowest,False,False,UNKNOWN,1
PCTP,lowest,False,False,UNKNOWN,1
PDCD4,lowest,False,False,UNKNOWN,1
PDE3B,lowest,False,False,UNKNOWN,1
PDK3,lowest,False,False,UNKNOWN,1
PDS5A,lowest,False,False,UNKNOWN,1
PECAM1,lowest,False,False,UNKNOWN,1
PECR,lowest,False,False,UNKNOWN,1
PEX1,lowest,False,False,UNKNOWN,1
PEX16,lowest,False,False,UNKNOWN,1
PFDN4,lowest,False,False,UNKNOWN,1
PHLPP1,lowest,False,False,UNKNOWN,1
PHTF2,lowest,False,False,UNKNOWN,1
PICALM,lowest,False,False,UNKNOWN,1
PIERCE1,lowest,False,False,UNKNOWN,1
PIGK,lowest,False,False,UNKNOWN,1
PIGP,lowest,False,False,UNKNOWN,1
PIP4K2B,lowest,False,False,UNKNOWN,1
PITPNA,lowest,False,False,UNKNOWN,1
PLA2G4B,lowest,False,False,UNKNOWN,1
PLAG1,lowest,False,False,UNKNOWN,1
PLCL1,lowest,False,False,UNKNOWN,1
PLD3,lowest,False,False,UNKNOWN,1
PLEK,lowest,False,False,UNKNOWN,1
PLP1,lowest,False,False,UNKNOWN,1
PLPP1,lowest,False,False,UNKNOWN,1
PLXNB1,lowest,False,False,UNKNOWN,1
PLXNC1,lowest,False,False,UNKNOWN,1
PMAIP1,lowest,False,False,UNKNOWN,1
EXOSC10,lowest,False,False,UNKNOWN,1
PNPLA6,lowest,False,False,UNKNOWN,1
POLE4,lowest,False,False,UNKNOWN,1
POLR2J2,lowest,False,False,UNKNOWN,1
POLRMT,lowest,False,False,UNKNOWN,1
PON2,lowest,False,False,UNKNOWN,1
POP5,lowest,False,False,UNKNOWN,1
PPIF,lowest,False,False,UNKNOWN,1
PPM1B,lowest,False,False,UNKNOWN,1
PPM1E,lowest,False,False,UNKNOWN,1
PPP1R13B,lowest,False,False,UNKNOWN,1
PPP1R2,lowest,False,False,UNKNOWN,1
PPP2R5C,lowest,False,False,UNKNOWN,1
PRDX6,lowest,False,False,UNKNOWN,1
PRIM1,lowest,False,False,UNKNOWN,1
PRKCH,low,False,False,UNKNOWN,2
PRKCZ,lowest,False,False,UNKNOWN,1
PRL,lowest,False,False,UNKNOWN,1
PRMT2,lowest,False,False,UNKNOWN,1
NDUFAF7,lowest,False,False,UNKNOWN,1
PRPF31,lowest,False,False,UNKNOWN,1
PRPF40A,lowest,False,False,UNKNOWN,1
PRPS1,lowest,False,False,UNKNOWN,1
PSMB4,lowest,False,False,UNKNOWN,1
PSMC6,lowest,False,False,UNKNOWN,1
PTBP1,lowest,False,False,UNKNOWN,1
PTGDR,lowest,False,False,UNKNOWN,1
PTP4A2,lowest,False,False,UNKNOWN,1
SIRPA,lowest,False,False,UNKNOWN,1
PTPRE,lowest,False,False,UNKNOWN,1
PTPRJ,lowest,False,False,UNKNOWN,1
PTPRM,lowest,False,False,UNKNOWN,1
PTTG1,lowest,False,False,UNKNOWN,1
PUM2,lowest,False,False,UNKNOWN,1
PXN,lowest,False,False,UNKNOWN,1
QPCT,lowest,False,False,UNKNOWN,1
QRSL1,lowest,False,False,UNKNOWN,1
RAB10,lowest,False,False,UNKNOWN,1
RAB13,lowest,False,False,UNKNOWN,1
RAB21,lowest,False,False,UNKNOWN,1
RAB2A,lowest,False,False,UNKNOWN,1
RAB33A,lowest,False,False,UNKNOWN,1
RAB33B,lowest,False,False,UNKNOWN,1
RAB3A,lowest,False,False,UNKNOWN,1
RAB40C,lowest,False,False,UNKNOWN,1
RAB4A,lowest,False,False,UNKNOWN,1
RAB6A,lowest,False,False,UNKNOWN,1
RABEP2,lowest,False,False,UNKNOWN,1
RABGGTA,lowest,False,False,UNKNOWN,1
RABGGTB,lowest,False,False,UNKNOWN,1
RAD21,lowest,False,False,UNKNOWN,1
RAD54B,lowest,False,False,UNKNOWN,1
RFTN1,lowest,False,False,UNKNOWN,1
RALY,lowest,False,False,UNKNOWN,1
RAMP1,lowest,False,False,UNKNOWN,1
RAN,lowest,False,False,UNKNOWN,1
RANBP9,lowest,False,False,UNKNOWN,1
RAP1GAP,lowest,False,False,UNKNOWN,1
RAPGEF4,lowest,False,False,UNKNOWN,1
RASA3,lowest,False,False,UNKNOWN,1
RASIP1,lowest,False,False,UNKNOWN,1
RASSF2,lowest,False,False,UNKNOWN,1
RBBP4,lowest,False,False,UNKNOWN,1
RBFOX1,lowest,False,False,UNKNOWN,1
RBM18,lowest,False,False,UNKNOWN,1
RBM22,lowest,False,False,UNKNOWN,1
RBM5,lowest,False,False,UNKNOWN,1
RBM7,lowest,False,False,UNKNOWN,1
RBM8A,lowest,False,False,UNKNOWN,1
RCAN3,lowest,False,False,UNKNOWN,1
DNPH1,lowest,False,False,UNKNOWN,1
SKIC8,lowest,False,False,UNKNOWN,1
REL,lowest,False,False,UNKNOWN,1
RFX1,lowest,False,False,UNKNOWN,1
RFX7,lowest,False,False,UNKNOWN,1
RGS4,lowest,False,False,UNKNOWN,1
RHOB,lowest,False,False,UNKNOWN,1
RHOBTB3,lowest,False,False,UNKNOWN,1
RHOH,lowest,False,False,UNKNOWN,1
RHOT1,lowest,False,False,UNKNOWN,1
RIN1,lowest,False,False,UNKNOWN,1
RIN2,lowest,False,False,UNKNOWN,1
RNF123,lowest,False,False,UNKNOWN,1
RNF144A,lowest,False,False,UNKNOWN,1
RNF5,lowest,False,False,UNKNOWN,1
RNF6,lowest,False,False,UNKNOWN,1
PTBP3,lowest,False,False,UNKNOWN,1
RPA3,lowest,False,False,UNKNOWN,1
RPL10,lowest,False,False,UNKNOWN,1
RPL17,lowest,False,False,UNKNOWN,1
RPL28,lowest,False,False,UNKNOWN,1
RPP25L,lowest,False,False,UNKNOWN,1
RPS26,lowest,False,False,UNKNOWN,1
RPS3A,lowest,False,False,UNKNOWN,1
RRAGD,lowest,False,False,UNKNOWN,1
EXOSC2,lowest,False,False,UNKNOWN,1
RTTN,lowest,False,False,UNKNOWN,1
RWDD1,lowest,False,False,UNKNOWN,1
RXRG,lowest,False,False,UNKNOWN,1
SNRNP27,lowest,False,False,UNKNOWN,1
S1PR1,lowest,False,False,UNKNOWN,1
SAFB,lowest,False,False,UNKNOWN,1
SALL2,lowest,False,False,UNKNOWN,1
SCAF11,lowest,False,False,UNKNOWN,1
SCAF8,lowest,False,False,UNKNOWN,1
SCAMP1,lowest,False,False,UNKNOWN,1
SCAND1,lowest,False,False,UNKNOWN,1
SKAP2,lowest,False,False,UNKNOWN,1
SCD,lowest,False,False,UNKNOWN,1
SCML1,lowest,False,False,UNKNOWN,1
SCN2B,lowest,False,False,UNKNOWN,1
SCP2,lowest,False,False,UNKNOWN,1
SEC23A,lowest,False,False,UNKNOWN,1
SEC61A1,lowest,False,False,UNKNOWN,1
SEC63,lowest,False,False,UNKNOWN,1
SELENOP,lowest,False,False,UNKNOWN,1
SELENOM,lowest,False,False,UNKNOWN,1
SENP7,lowest,False,False,UNKNOWN,1
SEPTIN10,lowest,False,False,UNKNOWN,1
SEPTIN4,lowest,False,False,UNKNOWN,1
SEPTIN6,lowest,False,False,UNKNOWN,1
SERBP1,lowest,False,False,UNKNOWN,1
SF3A1,lowest,False,False,UNKNOWN,1
SRSF11,lowest,False,False,UNKNOWN,1
SFXN4,lowest,False,False,UNKNOWN,1
SIT1,lowest,False,False,UNKNOWN,1
SLBP,lowest,False,False,UNKNOWN,1
SLC12A2,lowest,False,False,UNKNOWN,1
SLC15A4,lowest,False,False,UNKNOWN,1
SLC16A3,lowest,False,False,UNKNOWN,1
SLC26A6,lowest,False,False,UNKNOWN,1
SLC38A1,lowest,False,False,UNKNOWN,1
SLC7A5,lowest,False,False,UNKNOWN,1
SLC7A6,lowest,False,False,UNKNOWN,1
SLU7,lowest,False,False,UNKNOWN,1
SLX1B,lowest,False,False,UNKNOWN,1
SMARCA4,lowest,False,False,UNKNOWN,1
SMARCA5,lowest,False,False,UNKNOWN,1
SMARCE1,lowest,False,False,UNKNOWN,1
SMC4,lowest,False,False,UNKNOWN,1
SMC5,lowest,False,False,UNKNOWN,1
SMCHD1,lowest,False,False,UNKNOWN,1
SMNDC1,lowest,False,False,UNKNOWN,1
SUMO2,lowest,False,False,UNKNOWN,1
SNAP23,lowest,False,False,UNKNOWN,1
SNAPC1,lowest,False,False,UNKNOWN,1
SNRPN,lowest,False,False,UNKNOWN,1
SNW1,lowest,False,False,UNKNOWN,1
CAPN15,lowest,False,False,UNKNOWN,1
SOS2,lowest,False,False,UNKNOWN,1
SOX15,lowest,False,False,UNKNOWN,1
SOX4,lowest,False,False,UNKNOWN,1
SP100,lowest,False,False,UNKNOWN,1
SPRY2,lowest,False,False,UNKNOWN,1
SREK1,lowest,False,False,UNKNOWN,1
SRI,lowest,False,False,UNKNOWN,1
SRP54,lowest,False,False,UNKNOWN,1
SRP68,lowest,False,False,UNKNOWN,1
SRP72,lowest,False,False,UNKNOWN,1
SRSF1,lowest,False,False,UNKNOWN,1
SRSF10,lowest,False,False,UNKNOWN,1
SSNA1,lowest,False,False,UNKNOWN,1
ST13,lowest,False,False,UNKNOWN,1
ST8SIA1,lowest,False,False,UNKNOWN,1
STAG1,lowest,False,False,UNKNOWN,1
STK17A,lowest,False,False,UNKNOWN,1
STK38,lowest,False,False,UNKNOWN,1
STK4,lowest,False,False,UNKNOWN,1
STX6,lowest,False,False,UNKNOWN,1
STX7,lowest,False,False,UNKNOWN,1
STYX,lowest,False,False,UNKNOWN,1
SUCLG1,lowest,False,False,UNKNOWN,1
SYAP1,lowest,False,False,UNKNOWN,1
SYN2,lowest,False,False,UNKNOWN,1
TAF5,lowest,False,False,UNKNOWN,1
TAF9,lowest,False,False,UNKNOWN,1
TARS1,lowest,False,False,UNKNOWN,1
TBC1D8B,lowest,False,False,UNKNOWN,1
TBC1D9B,lowest,False,False,UNKNOWN,1
TBK1,lowest,False,False,UNKNOWN,1
TBXA2R,lowest,False,False,UNKNOWN,1
TCAF1,lowest,False,False,UNKNOWN,1
TCEAL1,lowest,False,False,UNKNOWN,1
TCERG1,lowest,False,False,UNKNOWN,1
TCIRG1,lowest,False,False,UNKNOWN,1
TMBIM6,lowest,False,False,UNKNOWN,1
TESK1,lowest,False,False,UNKNOWN,1
TGIF1,lowest,False,False,UNKNOWN,1
TGOLN2,lowest,False,False,UNKNOWN,1
MYO18A,lowest,False,False,UNKNOWN,1
TICAM1,lowest,False,False,UNKNOWN,1
TIMELESS,lowest,False,False,UNKNOWN,1
TIMM8A,lowest,False,False,UNKNOWN,1
TLN1,lowest,False,False,UNKNOWN,1
TLR10,lowest,False,False,UNKNOWN,1
TLR2,lowest,False,False,UNKNOWN,1
TLR3,lowest,False,False,UNKNOWN,1
TLR5,lowest,False,False,UNKNOWN,1
TLR7,lowest,False,False,UNKNOWN,1
TLR8,lowest,False,False,UNKNOWN,1
TM2D1,lowest,False,False,UNKNOWN,1
TM4SF1,lowest,False,False,UNKNOWN,1
TMEM47,lowest,False,False,UNKNOWN,1
TMX1,lowest,False,False,UNKNOWN,1
TOLLIP,lowest,False,False,UNKNOWN,1
TP53I11,lowest,False,False,UNKNOWN,1
TP53INP1,lowest,False,False,UNKNOWN,1
TP53TG1,lowest,False,False,UNKNOWN,1
TPBG,lowest,False,False,UNKNOWN,1
PDSS1,lowest,False,False,UNKNOWN,1
TPST2,lowest,False,False,UNKNOWN,1
TRAF1,lowest,False,False,UNKNOWN,1
TRAM2,lowest,False,False,UNKNOWN,1
TRIM23,lowest,False,False,UNKNOWN,1
TRIM33,lowest,False,False,UNKNOWN,1
TRIM55,lowest,False,False,UNKNOWN,1
TRIP12,lowest,False,False,UNKNOWN,1
TSNAX,lowest,False,False,UNKNOWN,1
TSPAN6,lowest,False,False,UNKNOWN,1
TST,lowest,False,False,UNKNOWN,1
TTC9,lowest,False,False,UNKNOWN,1
TTF2,lowest,False,False,UNKNOWN,1
TTLL12,lowest,False,False,UNKNOWN,1
TUBB,lowest,False,False,UNKNOWN,1
POLR1F,lowest,False,False,UNKNOWN,1
TXK,lowest,False,False,UNKNOWN,1
UBA2,lowest,False,False,UNKNOWN,1
UBE2B,lowest,False,False,UNKNOWN,1
UBE2D2,lowest,False,False,UNKNOWN,1
UBE2D3,lowest,False,False,UNKNOWN,1
UBE2M,lowest,False,False,UNKNOWN,1
UBE2S,lowest,False,False,UNKNOWN,1
UBL5,lowest,False,False,UNKNOWN,1
UBP1,lowest,False,False,UNKNOWN,1
UCHL3,lowest,False,False,UNKNOWN,1
HAUS7,lowest,False,False,UNKNOWN,1
UPF1,lowest,False,False,UNKNOWN,1
UPF2,lowest,False,False,UNKNOWN,1
UQCRC2,lowest,False,False,UNKNOWN,1
UQCRFS1,lowest,False,False,UNKNOWN,1
UQCRH,lowest,False,False,UNKNOWN,1
URM1,lowest,False,False,UNKNOWN,1
USF2,lowest,False,False,UNKNOWN,1
USO1,lowest,False,False,UNKNOWN,1
USP1,lowest,False,False,UNKNOWN,1
USP14,lowest,False,False,UNKNOWN,1
USP3,lowest,False,False,UNKNOWN,1
UXT,lowest,False,False,UNKNOWN,1
VAT1,lowest,False,False,UNKNOWN,1
VCAN,lowest,False,False,UNKNOWN,1
VEGFB,lowest,False,False,UNKNOWN,1
VIM,lowest,False,False,UNKNOWN,1
AVPI1,lowest,False,False,UNKNOWN,1
VPS26A,lowest,False,False,UNKNOWN,1
VRK2,lowest,False,False,UNKNOWN,1
VRK3,lowest,False,False,UNKNOWN,1
WDR33,lowest,False,False,UNKNOWN,1
WDR4,lowest,False,False,UNKNOWN,1
LINS1,lowest,False,False,UNKNOWN,1
WIPF1,lowest,False,False,UNKNOWN,1
WSB1,lowest,False,False,UNKNOWN,1
XBP1,lowest,False,False,UNKNOWN,1
XPO7,lowest,False,False,UNKNOWN,1
XRCC2,lowest,False,False,UNKNOWN,1
ZBTB1,lowest,False,False,UNKNOWN,1
ZBTB43,lowest,False,False,UNKNOWN,1
ZBTB8A,lowest,False,False,UNKNOWN,1
ZCCHC14,lowest,False,False,UNKNOWN,1
ZCCHC3,lowest,False,False,UNKNOWN,1
ZEB1,lowest,False,False,UNKNOWN,1
RNF103,lowest,False,False,UNKNOWN,1
ZFP36L1,lowest,False,False,UNKNOWN,1
ZFP36L2,lowest,False,False,UNKNOWN,1
ZFP64,lowest,False,False,UNKNOWN,1
ZMIZ1,lowest,False,False,UNKNOWN,1
ZNF131,lowest,False,False,UNKNOWN,1
ZNF136,lowest,False,False,UNKNOWN,1
ZNF19,lowest,False,False,UNKNOWN,1
ZNF22,lowest,False,False,UNKNOWN,1
ZNF232,lowest,False,False,UNKNOWN,1
ZNF264,lowest,False,False,UNKNOWN,1
ZNF266,lowest,False,False,UNKNOWN,1
ZNF273,lowest,False,False,UNKNOWN,1
ZNF274,lowest,False,False,UNKNOWN,1
ARFGAP2,lowest,False,False,UNKNOWN,1
ZNF318,lowest,False,False,UNKNOWN,1
ZNF32,lowest,False,False,UNKNOWN,1
ZNF419,lowest,False,False,UNKNOWN,1
ZNF423,lowest,False,False,UNKNOWN,1
ZNF430,lowest,False,False,UNKNOWN,1
ZNF454,lowest,False,False,UNKNOWN,1
ZNF532,lowest,False,False,UNKNOWN,1
ZNF557,lowest,False,False,UNKNOWN,1
ZNF571,lowest,False,False,UNKNOWN,1
ZNF576,lowest,False,False,UNKNOWN,1
ZNF577,lowest,False,False,UNKNOWN,1
ZNF586,lowest,False,False,UNKNOWN,1
ZNF592,lowest,False,False,UNKNOWN,1
ZNF652,lowest,False,False,UNKNOWN,1
ZNF785,lowest,False,False,UNKNOWN,1
ZNF91,lowest,False,False,UNKNOWN,1
ZSCAN18,lowest,False,False,UNKNOWN,1
ZSCAN5A,lowest,False,False,UNKNOWN,1
ZER1,lowest,False,False,UNKNOWN,1
LOC105377992,lowest,False,False,UNKNOWN,1
LOC105369165,lowest,False,False,UNKNOWN,1
LOC105377989,lowest,False,False,UNKNOWN,1
APOC1,lowest,False,False,UNKNOWN,1
LOC107985852,lowest,False,False,UNKNOWN,1
DRD4,lowest,False,False,UNKNOWN,1
GSTZ1,lowest,False,False,UNKNOWN,1
TTR,lowest,False,False,UNKNOWN,1
TAS2R16,lowest,False,False,UNKNOWN,1
JAK1,moderate,True,True,MIXED,2
ACE,moderate,True,False,PRO,3
ADCY1,lowest,False,False,UNKNOWN,1
TRAK2,lowest,False,False,UNKNOWN,1
AMOT,lowest,False,False,UNKNOWN,1
ANKRD20A9P,lowest,False,False,UNKNOWN,1
ASB17,lowest,False,False,UNKNOWN,1
BFSP1,lowest,False,False,UNKNOWN,1
CAMK2B,lowest,False,False,UNKNOWN,1
CEP89,lowest,False,False,UNKNOWN,1
DHFRP3,lowest,False,False,UNKNOWN,1
FN3KRP,lowest,False,False,UNKNOWN,1
FPGT-TNNI3K,lowest,False,False,UNKNOWN,1
FSHR,lowest,False,False,UNKNOWN,1
FTH1P5,lowest,False,False,UNKNOWN,1
GART,lowest,False,False,UNKNOWN,1
HLA-DQB1,low,False,False,UNKNOWN,2
HLA-DRA,low,False,False,UNKNOWN,2
HLA-DMB,lowest,False,False,UNKNOWN,1
HLA-DOA,lowest,False,False,UNKNOWN,1
HLA-DPA1,lowest,False,False,UNKNOWN,1
HLA-DRB3,lowest,False,False,UNKNOWN,1
HLA-DRB4,lowest,False,False,UNKNOWN,1
HLA-DRB6,lowest,False,False,UNKNOWN,1
HLA-E,lowest,False,False,UNKNOWN,1
HLA-G,lowest,False,False,UNKNOWN,1
HNF4G,lowest,False,False,UNKNOWN,1
HSPA14,lowest,False,False,UNKNOWN,1
RIC8B,lowest,False,False,UNKNOWN,1
HTR3B,lowest,False,False,UNKNOWN,1
KALRN,lowest,False,False,UNKNOWN,1
KCNT2,lowest,False,False,UNKNOWN,1
KIR3DX1,lowest,False,False,UNKNOWN,1
KRAS,lowest,False,False,UNKNOWN,1
LSM2,lowest,False,False,UNKNOWN,1
LY6G6F,lowest,False,False,UNKNOWN,1
MAPK4,lowest,False,False,UNKNOWN,1
MSH5,lowest,False,False,UNKNOWN,1
MT-ATP6,lowest,False,False,UNKNOWN,1
MT-CYB,lowest,False,False,UNKNOWN,1
MT-ND4,lowest,False,False,UNKNOWN,1
MT-RNR2,lowest,False,False,UNKNOWN,1
NKX2-2,lowest,False,False,UNKNOWN,1
NKX3-1,lowest,False,False,UNKNOWN,1
NOS1AP,lowest,False,False,UNKNOWN,1
GLYR1,lowest,False,False,UNKNOWN,1
OTOL1,lowest,False,False,UNKNOWN,1
PGM5,lowest,False,False,UNKNOWN,1
PKN2,lowest,False,False,UNKNOWN,1
PLCB1,lowest,False,False,UNKNOWN,1
PLCB4,lowest,False,False,UNKNOWN,1
PLCH1,lowest,False,False,UNKNOWN,1
PRKAR2A,lowest,False,False,UNKNOWN,1
PRKD3,lowest,False,False,UNKNOWN,1
PSG7,lowest,False,False,UNKNOWN,1
PSORS1C3,lowest,False,False,UNKNOWN,1
RDH5,lowest,False,False,UNKNOWN,1
RIPOR2,lowest,False,False,UNKNOWN,1
SETD9,low,False,False,UNKNOWN,2
SKIC2,lowest,False,False,UNKNOWN,1
SPZ1,lowest,False,False,UNKNOWN,1
NABP2,lowest,False,False,UNKNOWN,1
TMEM131L,lowest,False,False,UNKNOWN,1
TNNI3K,lowest,False,False,UNKNOWN,1
TOMM20,lowest,False,False,UNKNOWN,1
TUBA3C,lowest,False,False,UNKNOWN,1
USP2-AS1,lowest,False,False,UNKNOWN,1
VDAC1P1,lowest,False,False,UNKNOWN,1
MORF4,lowest,False,False,UNKNOWN,1
PGP,lowest,False,False,UNKNOWN,1
PMF1,lowest,False,False,UNKNOWN,1
RP1,lowest,False,False,UNKNOWN,1
SLC41A1,lowest,False,False,UNKNOWN,1
CLTC-IT1,lowest,False,False,UNKNOWN,1
GDF1,lowest,False,False,UNKNOWN,1
